threads;iterations;pieces;played_column;time
single;500;0;2;0.6738712000660598
single;500;1;3;0.5950694000348449
single;500;1;2;0.5582879999419674
single;500;1;0;0.5141707999864593
single;500;1;3;0.49012620002031326
single;500;1;3;0.48434609989635646
single;500;1;3;0.4821337000466883
single;500;1;5;0.5108621999388561
single;500;2;2;0.4604862000560388
single;500;2;3;0.42884359997697175
single;500;2;1;0.41259560000617057
single;500;2;3;0.4284444999648258
single;500;2;3;0.42448459996376187
single;500;2;4;0.43638610001653433
single;500;2;3;0.45055019995197654
single;500;2;5;0.4197199000045657
single;500;2;2;0.4453031999291852
single;500;2;5;0.47497520002070814
single;500;3;3;0.5432104000356048
single;500;3;4;0.4324353999691084
single;500;3;3;0.3976897000102326
single;500;3;2;0.37702659994829446
single;500;3;3;0.3566057001007721
single;500;3;3;0.3945447999285534
single;500;3;4;0.41166680003516376
single;500;3;3;0.44081780000124127
single;500;3;2;0.4669335000216961
single;500;3;3;0.4029770999914035
single;500;4;3;0.38925010000821203
single;500;4;1;0.4381442000158131
single;500;4;2;0.38868219999130815
single;500;4;2;0.3250823999987915
single;500;4;1;0.38625850004609674
single;500;4;3;0.3931989000411704
single;500;4;4;0.37038570002187043
single;500;4;3;0.3565602999879047
single;500;4;3;0.3765154000138864
single;500;4;4;0.34720459999516606
single;500;5;2;0.34664000000339
single;500;5;4;0.419753999914974
single;500;5;3;0.31287960009649396
single;500;5;3;0.3214450000086799
single;500;5;4;0.18692900007590652
single;500;5;2;0.3991922000423074
single;500;5;4;0.42586720001418144
single;500;5;3;0.3981876000761986
single;500;5;1;0.3944958000211045
single;500;5;3;0.2834069000091404
single;500;6;2;0.3502991000423208
single;500;6;3;0.07551260001491755
single;500;6;1;0.2933640000410378
single;500;6;2;0.31918909994419664
single;500;6;3;0.33599189994856715
single;500;6;3;0.4125450999708846
single;500;6;4;0.2614515998866409
single;500;6;5;0.2906287999358028
single;500;6;2;0.36986620002426207
single;500;6;4;0.331844599917531
single;500;7;2;0.3898413999704644
single;500;7;4;0.4182424999307841
single;500;7;3;0.3070722999982536
single;500;7;2;0.34833439998328686
single;500;7;3;0.34411780000664294
single;500;7;2;0.28246570006012917
single;500;7;5;0.37839740002527833
single;500;7;3;0.31717259995639324
single;500;7;3;0.257488299976103
single;500;7;3;0.3213447999441996
single;500;8;4;0.29984250001143664
single;500;8;2;0.3660470999311656
single;500;8;3;0.2950239999918267
single;500;8;4;0.26853540004231036
single;500;8;1;0.29158239997923374
single;500;8;3;0.06674309994559735
single;500;8;6;0.30776029999833554
single;500;8;6;0.3290580000029877
single;500;8;3;0.3540655999677256
single;500;8;4;0.27127539995126426
single;500;9;3;0.28858709998894483
single;500;9;2;0.3126251999055967
single;500;9;5;0.25809639994986355
single;500;9;3;0.2310725999996066
single;500;9;2;0.30612049996852875
single;500;9;3;0.24711200001183897
single;500;9;4;0.38850270002149045
single;500;9;2;0.24060210003517568
single;500;9;2;0.2035561999073252
single;500;9;3;0.2713891000021249
single;500;10;2;0.20970650005619973
single;500;10;3;0.349287899909541
single;500;10;3;0.2172104000346735
single;500;10;1;0.03428069991059601
single;500;10;2;0.09043189999647439
single;500;10;4;0.3148261000169441
single;500;10;3;0.265219800057821
single;500;10;3;0.17787439993117005
single;500;10;5;0.2449357999721542
single;500;10;3;0.3307889000279829
single;500;11;4;0.23538580001331866
single;500;11;2;0.31246939999982715
single;500;11;1;0.2722371999407187
single;500;11;1;0.20127319998573512
single;500;11;4;0.23768280004151165
single;500;11;2;0.22706730000209063
single;500;11;2;0.18628850008826703
single;500;11;1;0.22739299992099404
single;500;11;0;0.03077910002321005
single;500;11;2;0.18358640000224113
single;500;12;6;0.0440996999386698
single;500;12;1;0.3034605000866577
single;500;12;4;0.3007183999288827
single;500;12;3;0.05393669998738915
single;500;12;6;0.07455409993417561
single;500;12;2;0.028579199919477105
single;500;12;3;0.053515600040555
single;500;12;2;0.18740840000100434
single;500;12;5;0.1765281999250874
single;500;12;5;0.20052800001576543
single;500;13;1;0.21848599996883422
single;500;13;3;0.2595404000021517
single;500;13;0;0.2616797999944538
single;500;13;1;0.24034789996221662
single;500;13;1;0.04854480002541095
single;500;13;6;0.009210299933329225
single;500;13;2;0.05506199994124472
single;500;13;5;0.21351409994531423
single;500;13;6;0.18585440004244447
single;500;13;2;0.0968796000815928
single;500;14;3;0.06297799991443753
single;500;14;2;0.16084090003278106
single;500;14;2;0.0649336000205949
single;500;14;2;0.05571129999589175
single;500;14;4;0.1567656999686733
single;500;14;1;0.235345600056462
single;500;14;1;0.2515319000231102
single;500;14;4;0.031023100018501282
single;500;14;2;0.030633099959231913
single;500;14;4;0.01399949996266514
single;500;15;2;0.04795800009742379
single;500;15;2;0.039583700010553
single;500;15;1;0.02488779998384416
single;500;15;0;0.23897009994834661
single;500;15;6;0.01460280001629144
single;500;15;2;0.2801068000262603
single;500;15;5;0.27888250001706183
single;500;15;2;0.1559068999486044
single;500;15;3;0.045352700049988925
single;500;15;2;0.16785139997955412
single;500;16;1;0.05251239996869117
single;500;16;3;0.1647001999663189
single;500;16;3;0.2155423000222072
single;500;16;6;0.018124200054444373
single;500;16;2;0.20503249997273088
single;500;16;4;0.16447919991333038
single;500;16;2;0.06892069999594241
single;500;16;1;0.12089080002624542
single;500;16;5;0.03869389998726547
single;500;16;2;0.07451750000473112
single;500;17;3;0.1851742999861017
single;500;17;4;0.2497060999739915
single;500;17;4;0.027905000024475157
single;500;17;1;0.11985839996486902
single;500;17;6;0.026644099969416857
single;500;17;3;0.18007180001586676
single;500;17;5;0.2109181999694556
single;500;17;6;0.21712559997104108
single;500;17;2;0.04093709995504469
single;500;17;4;0.12407739995978773
single;500;18;4;0.013352800044231117
single;500;18;1;0.05644150008447468
single;500;18;5;0.16215320001356304
single;500;18;0;0.015299999970011413
single;500;18;6;0.14852299995254725
single;500;18;3;0.17484470002818853
single;500;18;3;0.17941990005783737
single;500;18;4;0.1728813999798149
single;500;18;4;0.15481310000177473
single;500;18;3;0.1410301000578329
single;500;19;0;0.0171007999451831
single;500;19;6;0.14129089994821697
single;500;19;0;0.17478849994949996
single;500;19;2;0.08055010007228702
single;500;19;3;0.05256780004128814
single;500;19;2;0.15439440007321537
single;500;19;2;0.01568409998435527
single;500;19;5;0.15586920001078397
single;500;19;3;0.011557399993762374
single;500;19;5;0.018571399967186153
single;500;20;3;0.021673700073733926
single;500;20;4;0.1747239000396803
single;500;20;2;0.0377582999644801
single;500;20;3;0.09761369996704161
single;500;20;5;0.018124100053682923
single;500;20;3;0.09030359995085746
single;500;20;1;0.11052990006282926
single;500;20;3;0.05744820006657392
single;500;20;0;0.17820739990565926
single;500;20;3;0.24147429992444813
single;500;21;3;0.12759769998956472
single;500;21;1;0.08843129989691079
single;500;21;0;0.025497999973595142
single;500;21;0;0.008087199996225536
single;500;21;6;0.09441190003417432
single;500;21;4;0.11722520005423576
single;500;21;2;0.008421100093983114
single;500;21;2;0.09621550003066659
single;500;21;0;0.09379539999645203
single;500;21;2;0.022220599930733442
single;500;22;5;0.07487419992685318
single;500;22;2;0.012797300005331635
single;500;22;3;0.032561899977736175
single;500;22;2;0.04235709994100034
single;500;22;2;0.07546810002531856
single;500;22;0;0.12158399994950742
single;500;22;5;0.008448999957181513
single;500;22;4;0.022651699953712523
single;500;22;4;0.10993609996512532
single;500;22;4;0.05438500002492219
single;500;23;4;0.15298779995646328
single;500;23;4;0.017884899978525937
single;500;23;4;0.014587500016205013
single;500;23;6;0.05355249997228384
single;500;23;1;0.11915919999592006
single;500;23;0;0.010413300013169646
single;500;23;3;0.15885400003753603
single;500;23;0;0.17341209994629025
single;500;23;2;0.025119700003415346
single;500;23;3;0.15749659994617105
single;500;24;2;0.01110449992120266
single;500;24;1;0.008714199997484684
single;500;24;4;0.016369400080293417
single;500;24;0;0.017346999957226217
single;500;24;2;0.0240095000481233
single;500;24;6;0.1571070000063628
single;500;24;1;0.012241599964909256
single;500;24;3;0.021925900015048683
single;500;24;0;0.038036299985833466
single;500;24;1;0.03792180004529655
single;500;25;0;0.007718999986536801
single;500;25;5;0.022522600018419325
single;500;25;2;0.01827140001114458
single;500;25;3;0.09762850007973611
single;500;25;3;0.03001880005467683
single;500;25;0;0.012386100017465651
single;500;25;3;0.045965999946929514
single;500;25;3;0.10959259991068393
single;500;25;4;0.1458081000018865
single;500;25;4;0.1540861000539735
single;500;26;4;0.007936700014397502
single;500;26;5;0.0703980999533087
single;500;26;5;0.08991330000571907
single;500;26;1;0.018194900010712445
single;500;26;4;0.010266800061799586
single;500;26;3;0.0980637000175193
single;500;26;3;0.050413900054991245
single;500;26;3;0.02838919998612255
single;500;26;1;0.02329220005776733
single;500;26;1;0.008251599967479706
single;500;27;6;0.014137799968011677
single;500;27;5;0.13068830000702292
single;500;27;6;0.10617699997965246
single;500;27;5;0.015453200088813901
single;500;27;1;0.037826100015081465
single;500;27;0;0.023236299981363118
single;500;27;0;0.013145599979907274
single;500;27;1;0.008365000016056001
single;500;27;4;0.19945209997240454
single;500;27;6;0.013352500041946769
single;500;28;4;0.020837999996729195
single;500;28;0;0.011304500047117472
single;500;28;3;0.03627130005043
single;500;28;3;0.0653104999801144
single;500;28;1;0.10217239998746663
single;500;28;4;0.027989199967123568
single;500;28;3;0.08845189993735403
single;500;28;1;0.011805000016465783
single;500;28;5;0.00934900005813688
single;500;28;4;0.013742499984800816
single;500;29;5;0.027705700020305812
single;500;29;2;0.02177500003017485
single;500;29;4;0.04637720005121082
single;500;29;6;0.02378849999513477
single;500;29;3;0.0820965999737382
single;500;29;2;0.009853700059466064
single;500;29;2;0.12167919997591525
single;500;29;3;0.014516500057652593
single;500;29;5;0.02296930004376918
single;500;29;3;0.01986529992427677
single;500;30;6;0.015226199990138412
single;500;30;2;0.009667300037108362
single;500;30;4;0.03349729999899864
single;500;30;3;0.024966900004073977
single;500;30;2;0.048194300034083426
single;500;30;1;0.008556899963878095
single;500;30;3;0.025058900006115437
single;500;30;2;0.006517000030726194
single;500;30;2;0.006959800026379526
single;500;30;3;0.02952109999023378
single;500;31;4;0.006429699948057532
single;500;31;3;0.007212699973024428
single;500;31;3;0.1244629001012072
single;500;31;3;0.07400300004519522
single;500;31;6;0.02588530001230538
single;500;31;1;0.05498819996137172
single;500;31;4;0.12589110003318638
single;500;31;4;0.018588599981740117
single;500;31;2;0.011402699979953468
single;500;31;4;0.05683290003798902
single;500;32;3;0.010550000006332994
single;500;32;4;0.024926900048740208
single;500;32;1;0.005192900076508522
single;500;32;3;0.006648600101470947
single;500;32;4;0.014752999995835125
single;500;32;2;0.008920600055716932
single;500;32;3;0.011554599972441792
single;500;32;0;0.01377740001771599
single;500;32;0;0.015230000019073486
single;500;32;5;0.06333800009451807
single;500;33;2;0.016785999992862344
single;500;33;3;0.0407439999980852
single;500;33;3;0.028096600086428225
single;500;33;4;0.049278900027275085
single;500;33;2;0.054111699922941625
single;500;33;1;0.05817700002808124
single;500;33;3;0.005306600010953844
single;500;33;2;0.011339500080794096
single;500;33;1;0.007586599909700453
single;500;33;4;0.005549199995584786
single;500;34;6;0.009177399915643036
single;500;34;3;0.004701399942860007
single;500;34;2;0.045327599975280464
single;500;34;4;0.01597490010317415
single;500;34;3;0.007933199987746775
single;500;34;2;0.028819500003010035
single;500;34;3;0.008589899982325733
single;500;34;3;0.07601859990973026
single;500;34;6;0.008278500055894256
single;500;34;6;0.06601469998713583
single;500;35;3;0.008787199971266091
single;500;35;5;0.0060252000112086535
single;500;35;2;0.036071800044737756
single;500;35;2;0.004305099952034652
single;500;35;3;0.016113099991343915
single;500;35;6;0.011136899935081601
single;500;35;2;0.010308700031600893
single;500;35;2;0.026739399996586144
single;500;35;4;0.012995299999602139
single;500;35;3;0.008243300020694733
single;500;36;3;0.034871599986217916
single;500;36;6;0.018547400017268956
single;500;36;6;0.022401100024580956
single;500;36;3;0.004083800013177097
single;500;36;1;0.04514210007619113
single;500;36;3;0.038032100070267916
single;500;36;6;0.0339549999916926
single;500;36;1;0.014092599973082542
single;500;36;4;0.005459900014102459
single;500;36;0;0.020578299998305738
single;500;37;3;0.009224599925801158
single;500;37;3;0.02300769998691976
single;500;37;3;0.013755200081504881
single;500;37;0;0.012365699978545308
single;500;37;6;0.009273100062273443
single;500;37;2;0.008396600023843348
single;500;37;3;0.004918800084851682
single;500;37;4;0.01648580003529787
single;500;37;3;0.018252599984407425
single;500;37;4;0.014597999979741871
single;500;38;2;0.012860700022429228
single;500;38;3;0.01741189998574555
single;500;38;1;0.005384900025092065
single;500;38;2;0.011419499991461635
single;500;38;2;0.007889200001955032
single;500;38;0;0.010871700011193752
single;500;38;1;0.004712700028903782
single;500;38;4;0.004212500061839819
single;500;38;2;0.010009100078605115
single;500;38;3;0.0074078000616282225
single;500;39;3;0.00494539993815124
single;500;39;1;0.018066200078465044
single;500;39;5;0.01214330003131181
single;500;39;5;0.007287300075404346
single;500;39;2;0.0037683999398723245
single;500;39;3;0.004111999995075166
single;500;39;6;0.013917300035245717
single;500;39;1;0.010467799962498248
single;500;39;2;0.01264390000142157
single;500;39;3;0.007904600002802908
single;500;40;5;0.01038910006172955
single;500;40;3;0.004348899936303496
single;500;40;6;0.009606799925677478
single;500;40;3;0.004348300048150122
single;500;40;2;0.003890700056217611
single;500;40;2;0.0073500999715179205
single;500;40;3;0.005132299964316189
single;500;40;6;0.004251600010320544
single;500;40;6;0.0038377000018954277
single;500;40;2;0.010520400013774633
single;500;41;3;0.007869200082495809
single;500;41;6;0.007641599979251623
single;500;41;3;0.003890399937517941
single;500;41;1;0.006885000038892031
single;500;41;2;0.007112000021152198
single;500;41;2;0.0038402999052777886
single;500;41;5;0.007909899926744401
single;500;41;4;0.007229499984532595
single;500;41;6;0.007545800064690411
single;5000;0;3;4.571650500060059
single;5000;1;3;4.467302499921061
single;5000;1;3;4.085936599993147
single;5000;1;3;4.353436499950476
single;5000;1;3;4.550569799961522
single;5000;1;3;4.281702399952337
single;5000;1;3;4.1016563000157475
single;5000;1;3;4.168484300025739
single;5000;2;3;3.775462100049481
single;5000;2;3;3.912016600021161
single;5000;2;3;3.7957609000150114
single;5000;2;3;3.557817399967462
single;5000;2;3;4.087021699990146
single;5000;2;4;4.265598200028762
single;5000;2;3;3.8737072999356315
single;5000;2;3;3.8579734000377357
single;5000;2;3;4.351600699941628
single;5000;2;5;4.241291500045918
single;5000;3;3;4.5180272000143304
single;5000;3;4;4.166198499966413
single;5000;3;3;3.821730700088665
single;5000;3;3;4.099993100040592
single;5000;3;3;3.8924668000545353
single;5000;3;3;3.8428138999734074
single;5000;3;4;3.6153352999826893
single;5000;3;3;3.9474716000258923
single;5000;3;1;4.033993600052781
single;5000;3;3;4.320029599941336
single;5000;4;3;3.2517991000786424
single;5000;4;3;4.203261599992402
single;5000;4;4;4.061059100087732
single;5000;4;2;3.425844099954702
single;5000;4;4;3.831163299968466
single;5000;4;3;4.087157499976456
single;5000;4;3;3.3786251000128686
single;5000;4;4;3.5723437999840826
single;5000;4;3;3.627612099982798
single;5000;4;2;3.5263300000224262
single;5000;5;4;3.8452817999059334
single;5000;5;3;3.5215383999748155
single;5000;5;3;3.4008206999860704
single;5000;5;3;3.3995457000564784
single;5000;5;4;0.8512828999664634
single;5000;5;2;3.938050099997781
single;5000;5;3;3.657217799918726
single;5000;5;5;3.8013369999825954
single;5000;5;1;3.5572608000366017
single;5000;5;3;2.8380213000345975
single;5000;6;2;3.530130199971609
single;5000;6;3;0.1879480000352487
single;5000;6;4;3.1927490000380203
single;5000;6;0;3.0395587000530213
single;5000;6;3;3.229029899928719
single;5000;6;3;3.4725759000284597
single;5000;6;2;2.5719725999515504
single;5000;6;5;2.8415190000087023
single;5000;6;1;3.231352899922058
single;5000;6;5;3.2100348999956623
single;5000;7;2;2.8603367999894544
single;5000;7;2;3.72054859995842
single;5000;7;3;3.1870513000758365
single;5000;7;6;3.3621718999929726
single;5000;7;3;2.5957660999847576
single;5000;7;3;2.6683595000067726
single;5000;7;5;2.7284562999848276
single;5000;7;0;2.921933999983594
single;5000;7;3;2.7472721999511123
single;5000;7;3;3.2174881000537425
single;5000;8;4;3.114681200007908
single;5000;8;2;3.12876580003649
single;5000;8;4;2.766696300008334
single;5000;8;4;2.725986500037834
single;5000;8;1;2.0279911000980064
single;5000;8;3;0.11760240001603961
single;5000;8;6;2.8356633000075817
single;5000;8;6;3.225419700029306
single;5000;8;2;2.9331236999714747
single;5000;8;2;2.740696500055492
single;5000;9;3;2.6891319999704137
single;5000;9;2;3.4708018000237644
single;5000;9;5;2.2218724000267684
single;5000;9;3;2.3520375000080094
single;5000;9;1;2.617168999975547
single;5000;9;3;2.8728636000305414
single;5000;9;4;3.185110699967481
single;5000;9;2;2.5310728000476956
single;5000;9;2;2.5168072000378743
single;5000;9;1;2.9369507998926565
single;5000;10;4;2.4829445999348536
single;5000;10;3;2.5677906000055373
single;5000;10;3;1.963053600047715
single;5000;10;1;0.1586193999974057
single;5000;10;2;0.2717693999875337
single;5000;10;4;3.1356862999964505
single;5000;10;2;2.6939089000225067
single;5000;10;3;2.433955100015737
single;5000;10;3;2.759132199920714
single;5000;10;3;2.994206600007601
single;5000;11;4;2.351621799985878
single;5000;11;3;2.922437999979593
single;5000;11;5;2.587065799976699
single;5000;11;1;2.2442478999728337
single;5000;11;4;2.5958576999837533
single;5000;11;3;3.048010600032285
single;5000;11;2;2.269503499963321
single;5000;11;1;2.395037299953401
single;5000;11;0;0.1012079999782145
single;5000;11;2;2.001588199986145
single;5000;12;6;0.1590190000133589
single;5000;12;2;2.881084299995564
single;5000;12;3;2.665688500041142
single;5000;12;3;0.22274900006596
single;5000;12;6;0.34673580003436655
single;5000;12;2;0.06873729999642819
single;5000;12;3;0.15753229998517781
single;5000;12;3;1.3324704999104142
single;5000;12;5;0.516557399998419
single;5000;12;5;1.9826404999475926
single;5000;13;1;2.1449820999987423
single;5000;13;3;2.3742895000614226
single;5000;13;0;1.6837716000154614
single;5000;13;4;2.603124399902299
single;5000;13;1;0.1274592000991106
single;5000;13;6;0.05549050006084144
single;5000;13;6;0.21454880002420396
single;5000;13;5;2.2237333999946713
single;5000;13;6;1.955701099941507
single;5000;13;2;0.6267314000288025
single;5000;14;3;0.242447099997662
single;5000;14;3;0.9339427000377327
single;5000;14;2;0.15909929992631078
single;5000;14;2;0.11174980003852397
single;5000;14;4;1.3235777000663802
single;5000;14;1;2.4313572000246495
single;5000;14;1;2.6046520000090823
single;5000;14;4;0.0872716000303626
single;5000;14;2;0.13057430007029325
single;5000;14;4;0.06122239993419498
single;5000;15;2;0.20728860003873706
single;5000;15;2;0.157196200103499
single;5000;15;1;0.0780934999929741
single;5000;15;1;2.167252500075847
single;5000;15;6;0.05786170007195324
single;5000;15;2;2.698876400012523
single;5000;15;5;2.379838499939069
single;5000;15;2;1.4093265000265092
single;5000;15;3;0.12242319993674755
single;5000;15;2;1.6115331000182778
single;5000;16;1;0.18846929993014783
single;5000;16;3;1.8810158000560477
single;5000;16;3;1.1180044999346137
single;5000;16;6;0.06651510007213801
single;5000;16;5;1.7966270999750122
single;5000;16;4;1.58405250008218
single;5000;16;2;0.2402067999355495
single;5000;16;1;1.1160470000468194
single;5000;16;5;0.09084339998662472
single;5000;16;2;0.36732179997488856
single;5000;17;3;1.8105364999501035
single;5000;17;4;2.1478169000474736
single;5000;17;4;0.0899355000583455
single;5000;17;1;0.6242087000282481
single;5000;17;6;0.07963259995449334
single;5000;17;3;1.822766200057231
single;5000;17;5;2.2322189999977127
single;5000;17;6;1.8534409999847412
single;5000;17;2;0.12397519999649376
single;5000;17;4;0.6445917000528425
single;5000;18;4;0.06667490000836551
single;5000;18;1;0.3238767000148073
single;5000;18;5;1.4431739000137895
single;5000;18;0;0.07639360008761287
single;5000;18;6;1.8351158000295982
single;5000;18;3;1.7194904000498354
single;5000;18;3;1.5449502000119537
single;5000;18;4;1.4419298000866547
single;5000;18;4;1.2001738999970257
single;5000;18;3;1.753922399948351
single;5000;19;0;0.08531070000026375
single;5000;19;4;1.5337578000035137
single;5000;19;0;1.1856122000608593
single;5000;19;2;0.21123740007169545
single;5000;19;6;0.23962170002050698
single;5000;19;2;1.8744126000674441
single;5000;19;2;0.07499989995267242
single;5000;19;5;1.5629171999171376
single;5000;19;3;0.058176200021989644
single;5000;19;5;0.06315649999305606
single;5000;20;3;0.0702730999328196
single;5000;20;4;1.7128519000252709
single;5000;20;2;0.09109100000932813
single;5000;20;3;0.35419700003694743
single;5000;20;5;0.0879470999352634
single;5000;20;3;0.3448239000281319
single;5000;20;1;0.2735575999831781
single;5000;20;3;0.4122701999731362
single;5000;20;2;1.8273276999825612
single;5000;20;3;2.091408299980685
single;5000;21;5;0.18072340008802712
single;5000;21;1;0.25808780000079423
single;5000;21;0;0.11343910009600222
single;5000;21;0;0.051833100034855306
single;5000;21;6;0.4546068999916315
single;5000;21;4;0.3922450999962166
single;5000;21;2;0.054625899996608496
single;5000;21;2;0.40157210000324994
single;5000;21;0;1.1531322000082582
single;5000;21;2;0.08096539997495711
single;5000;22;5;0.37407079990953207
single;5000;22;2;0.06039189989678562
single;5000;22;3;0.11666389997117221
single;5000;22;2;0.09406849998049438
single;5000;22;2;1.0059030000120401
single;5000;22;0;1.3406577000860125
single;5000;22;5;0.06004470004700124
single;5000;22;4;0.11263160000089556
single;5000;22;4;0.7504790000384673
single;5000;22;6;0.33642910001799464
single;5000;23;1;1.4949514999752864
single;5000;23;4;0.07377230003476143
single;5000;23;4;0.059921400039456785
single;5000;23;6;0.3517971000401303
single;5000;23;1;1.4144463000120595
single;5000;23;0;0.054834599955938756
single;5000;23;2;1.3226451999507844
single;5000;23;0;1.4581498000770807
single;5000;23;2;0.10965980007313192
single;5000;23;3;1.6677974000340328
single;5000;24;2;0.08369160001166165
single;5000;24;1;0.07321509998291731
single;5000;24;4;0.07316290005110204
single;5000;24;0;0.10135439992882311
single;5000;24;2;0.08158699993509799
single;5000;24;2;1.9879517001099885
single;5000;24;1;0.07841979991644621
single;5000;24;3;0.16394669993314892
single;5000;24;0;0.21565230004489422
single;5000;24;4;0.18747630005236715
single;5000;25;0;0.06044949998613447
single;5000;25;5;0.09942440001759678
single;5000;25;2;0.08373709989245981
single;5000;25;3;0.8987127000000328
single;5000;25;3;0.07370870001614094
single;5000;25;0;0.05136459995992482
single;5000;25;4;0.15373939997516572
single;5000;25;3;1.208460499998182
single;5000;25;4;1.4871443000156432
single;5000;25;1;1.6924850000068545
single;5000;26;4;0.04940999997779727
single;5000;26;5;0.280807500006631
single;5000;26;1;0.8648961000144482
single;5000;26;1;0.07709450006950647
single;5000;26;4;0.05297219997737557
single;5000;26;3;0.786189500009641
single;5000;26;0;0.24862430000212044
single;5000;26;3;0.0775649999268353
single;5000;26;1;0.09863439993932843
single;5000;26;1;0.06530120002571493
single;5000;27;6;0.0760277999797836
single;5000;27;5;1.4429771000286564
single;5000;27;6;1.272729399963282
single;5000;27;5;0.1365865000989288
single;5000;27;1;0.3087097000097856
single;5000;27;2;0.16014379996340722
single;5000;27;0;0.11761810001917183
single;5000;27;1;0.07485390000510961
single;5000;27;3;1.4293013999704272
single;5000;27;6;0.12342479999642819
single;5000;28;4;0.09066180000081658
single;5000;28;0;0.06829249998554587
single;5000;28;3;0.16511189995799214
single;5000;28;3;0.34919320000335574
single;5000;28;1;0.7055209999671206
single;5000;28;4;0.16783940000459552
single;5000;28;3;0.3230683000292629
single;5000;28;1;0.06378360011149198
single;5000;28;5;0.07006119994912297
single;5000;28;4;0.055830599972978234
single;5000;29;5;0.08287420007400215
single;5000;29;2;0.11092490004375577
single;5000;29;4;0.26999029994476587
single;5000;29;6;0.09601380000822246
single;5000;29;3;0.44049069995526224
single;5000;29;2;0.05112389998976141
single;5000;29;2;0.9129623000044376
single;5000;29;3;0.05614130001049489
single;5000;29;5;0.07956419989932328
single;5000;29;3;0.08190079999621958
single;5000;30;6;0.13251279992982745
single;5000;30;2;0.051908399909734726
single;5000;30;1;0.10761579999234527
single;5000;30;3;0.13235790003091097
single;5000;30;2;0.22510619997046888
single;5000;30;1;0.04828560003079474
single;5000;30;3;0.11390080000273883
single;5000;30;2;0.050235799979418516
single;5000;30;2;0.05983330006711185
single;5000;30;4;0.1939847000176087
single;5000;31;4;0.05699429998639971
single;5000;31;3;0.04938009998295456
single;5000;31;0;0.45598620001692325
single;5000;31;3;0.22732339997310191
single;5000;31;6;0.12208070000633597
single;5000;31;1;0.17985960002988577
single;5000;31;6;0.45448459999170154
single;5000;31;1;0.0995587999932468
single;5000;31;2;0.06744430004619062
single;5000;31;4;0.29892779991496354
single;5000;32;3;0.04718789993785322
single;5000;32;4;0.11070989992003888
single;5000;32;1;0.04676919989287853
single;5000;32;3;0.06183600006625056
single;5000;32;4;0.08401280001271516
single;5000;32;2;0.04667800001334399
single;5000;32;3;0.0454973999876529
single;5000;32;0;0.05886830005329102
single;5000;32;0;0.054513400071300566
single;5000;32;5;0.3825555000221357
single;5000;33;2;0.16066479997243732
single;5000;33;3;0.21540139999706298
single;5000;33;3;0.1112630000570789
single;5000;33;4;0.22348259994760156
single;5000;33;2;0.26387839997187257
single;5000;33;1;0.2743950999574736
single;5000;33;3;0.0437341999495402
single;5000;33;2;0.07068239990621805
single;5000;33;1;0.08130429999437183
single;5000;33;4;0.05639270006213337
single;5000;34;6;0.06976940005552024
single;5000;34;3;0.06725469999946654
single;5000;34;2;0.20295599999371916
single;5000;34;4;0.05160090001299977
single;5000;34;3;0.06383090000599623
single;5000;34;2;0.1398397000739351
single;5000;34;3;0.061721400008536875
single;5000;34;3;0.3514305999269709
single;5000;34;6;0.05018000002019107
single;5000;34;6;0.40631370001938194
single;5000;35;3;0.08420209994073957
single;5000;35;5;0.04852249997202307
single;5000;35;2;0.23570780002046376
single;5000;35;2;0.048232899978756905
single;5000;35;3;0.15832499996758997
single;5000;35;6;0.10100259992759675
single;5000;35;2;0.07289830001536757
single;5000;35;2;0.17137580004055053
single;5000;35;4;0.150806299992837
single;5000;35;3;0.05902429996058345
single;5000;36;6;0.2727138999616727
single;5000;36;6;0.1916163000278175
single;5000;36;6;0.2211576000554487
single;5000;36;3;0.05756739992648363
single;5000;36;1;0.2846717999782413
single;5000;36;3;0.19261289993301034
single;5000;36;3;0.14453869999852031
single;5000;36;1;0.08609050000086427
single;5000;36;4;0.043115200009197
single;5000;36;0;0.17248170007951558
single;5000;37;3;0.08461839996743947
single;5000;37;3;0.23145389999262989
single;5000;37;3;0.12179990008007735
single;5000;37;0;0.12849120004102588
single;5000;37;6;0.13720180001109838
single;5000;37;2;0.12939740007277578
single;5000;37;3;0.05982690001837909
single;5000;37;4;0.13273469998966902
single;5000;37;3;0.15944259997922927
single;5000;37;4;0.11053780000656843
single;5000;38;2;0.12422480003442615
single;5000;38;3;0.2062519999453798
single;5000;38;1;0.05872530001215637
single;5000;38;2;0.1258998999837786
single;5000;38;2;0.07174009992741048
single;5000;38;0;0.11912159994244576
single;5000;38;1;0.044930299976840615
single;5000;38;4;0.0642622000304982
single;5000;38;2;0.10776490007992834
single;5000;38;3;0.0603166000219062
single;5000;39;3;0.04184219997841865
single;5000;39;1;0.18478070001583546
single;5000;39;5;0.1345390999922529
single;5000;39;5;0.10711890005040914
single;5000;39;2;0.06258450006134808
single;5000;39;3;0.06909649993758649
single;5000;39;6;0.19723479996901006
single;5000;39;1;0.17502830002922565
single;5000;39;2;0.16077990003395826
single;5000;39;3;0.07706379995215684
single;5000;40;5;0.11652169993612915
single;5000;40;3;0.04362610005773604
single;5000;40;6;0.11149919999297708
single;5000;40;3;0.046355700003914535
single;5000;40;2;0.05283430009149015
single;5000;40;2;0.0696790999500081
single;5000;40;3;0.03802089998498559
single;5000;40;6;0.04350979998707771
single;5000;40;6;0.044007400050759315
single;5000;40;2;0.1343179999385029
single;5000;41;3;0.09925159998238087
single;5000;41;6;0.10135730006732047
single;5000;41;3;0.05447309999726713
single;5000;41;1;0.09812059998512268
single;5000;41;2;0.07184869993943721
single;5000;41;2;0.03779319999739528
single;5000;41;5;0.07228560000658035
single;5000;41;4;0.07225359999574721
single;5000;41;6;0.06967330002225935
single;10000;0;3;9.621237499988638
single;10000;1;3;8.503846600069664
single;10000;1;3;8.301132799941115
single;10000;1;3;8.654073600075208
single;10000;1;3;8.27833510003984
single;10000;1;3;8.29060099995695
single;10000;1;3;8.312955799978226
single;10000;1;3;8.329845700063743
single;10000;2;4;7.64054379996378
single;10000;2;3;7.9927047999808565
single;10000;2;3;7.8202368000056595
single;10000;2;3;7.400086399982683
single;10000;2;3;7.82743780000601
single;10000;2;2;8.463324300013483
single;10000;2;3;7.567123499931768
single;10000;2;3;7.433422800037079
single;10000;2;3;8.039913899963722
single;10000;2;4;8.039158400031738
single;10000;3;3;8.5542619000189
single;10000;3;2;8.126595200039446
single;10000;3;3;7.251253700000234
single;10000;3;3;7.5647656000219285
single;10000;3;3;7.43759740004316
single;10000;3;3;7.136640300042927
single;10000;3;4;7.501178299891762
single;10000;3;3;7.587433999986388
single;10000;3;3;7.347243699943647
single;10000;3;3;7.642802600050345
single;10000;4;3;6.663385800085962
single;10000;4;3;7.523298799991608
single;10000;4;2;7.33390430000145
single;10000;4;2;6.005898699979298
single;10000;4;3;7.447890699957497
single;10000;4;3;6.936483400058933
single;10000;4;3;6.868293400038965
single;10000;4;1;6.845230899984017
single;10000;4;3;6.96489229996223
single;10000;4;3;6.404572399915196
single;10000;5;4;7.4722116000484675
single;10000;5;3;6.841418100055307
single;10000;5;3;6.692215999937616
single;10000;5;3;6.973082400043495
single;10000;5;4;1.0739355999976397
single;10000;5;1;8.081826800014824
single;10000;5;3;7.764617600012571
single;10000;5;3;6.9010586000513285
single;10000;5;1;7.698501899954863
single;10000;5;3;5.8192328999284655
single;10000;6;2;7.372858799993992
single;10000;6;3;0.2303912000497803
single;10000;6;4;6.5653597000055015
single;10000;6;2;6.484456000034697
single;10000;6;3;6.456716499989852
single;10000;6;3;6.94616340007633
single;10000;6;5;5.490622499957681
single;10000;6;4;5.3927855000365525
single;10000;6;2;7.012761899968609
single;10000;6;3;6.215890099992976
single;10000;7;2;5.853126799920574
single;10000;7;2;6.807721200049855
single;10000;7;3;6.271517699933611
single;10000;7;4;6.355035600019619
single;10000;7;3;5.428308599977754
single;10000;7;6;5.636344099999405
single;10000;7;5;5.596237799967639
single;10000;7;4;5.707348700030707
single;10000;7;3;6.095874699996784
single;10000;7;3;6.2356952000409365
single;10000;8;4;5.78907319996506
single;10000;8;2;6.084728699992411
single;10000;8;3;5.4644465000601485
single;10000;8;4;5.278948300052434
single;10000;8;1;4.282205199939199
single;10000;8;3;0.18651280004996806
single;10000;8;0;5.964932100032456
single;10000;8;6;6.5089417999843135
single;10000;8;5;4.968779600108974
single;10000;8;2;5.123434199951589
single;10000;9;3;4.699519200017676
single;10000;9;2;5.405094999936409
single;10000;9;5;4.564149099984206
single;10000;9;3;4.500886399997398
single;10000;9;3;4.786457800073549
single;10000;9;3;5.597927700029686
single;10000;9;3;5.8323173999087885
single;10000;9;2;5.656767099979334
single;10000;9;2;4.532078700023703
single;10000;9;1;5.5422079000854865
single;10000;10;4;4.55391429993324
single;10000;10;2;5.52767350000795
single;10000;10;3;4.165526399970986
single;10000;10;1;0.1793435999425128
single;10000;10;2;0.3619475000305101
single;10000;10;4;5.165315599995665
single;10000;10;2;4.429046200006269
single;10000;10;3;4.629319199942984
single;10000;10;4;4.5825747000053525
single;10000;10;4;5.2722263999748975
single;10000;11;3;3.6667748999316245
single;10000;11;3;5.440479499986395
single;10000;11;4;4.8530513000441715
single;10000;11;1;3.628660900052637
single;10000;11;5;4.20979980006814
single;10000;11;3;5.113556200056337
single;10000;11;2;4.029466600040905
single;10000;11;1;4.240383900003508
single;10000;11;0;0.1623814000049606
single;10000;11;2;3.5811701000202447
single;10000;12;6;0.17562259989790618
single;10000;12;2;5.4126765000401065
single;10000;12;4;5.664955300046131
single;10000;12;3;0.30906050000339746
single;10000;12;6;0.5361158000305295
single;10000;12;2;0.22098459990229458
single;10000;12;3;0.19358720001764596
single;10000;12;3;1.5408633999759331
single;10000;12;5;0.8264682999579236
single;10000;12;5;3.4446583000244573
single;10000;13;1;4.714859400060959
single;10000;13;3;4.396001799963415
single;10000;13;0;2.758646799949929
single;10000;13;1;4.5544885999988765
single;10000;13;1;0.17719040007796139
single;10000;13;6;0.10953429993242025
single;10000;13;0;0.3103182000340894
single;10000;13;5;4.840894400025718
single;10000;13;6;3.7254547000629827
single;10000;13;2;0.8682239999761805
single;10000;14;3;0.26126580010168254
single;10000;14;3;1.0039180999156088
single;10000;14;2;0.21444100001826882
single;10000;14;2;0.1825573000824079
single;10000;14;4;1.6451279999455437
single;10000;14;1;4.251294499961659
single;10000;14;1;4.942306900047697
single;10000;14;4;0.17239750002045184
single;10000;14;2;0.21592909994069487
single;10000;14;4;0.1149266998982057
single;10000;15;2;0.2578695999691263
single;10000;15;2;0.18670980003662407
single;10000;15;1;0.14359190000686795
single;10000;15;1;4.258564300020225
single;10000;15;6;0.11003849992994219
single;10000;15;2;5.060568599961698
single;10000;15;5;4.560268100001849
single;10000;15;2;2.4541036000009626
single;10000;15;3;0.21612879994791
single;10000;15;2;3.8729832000099123
single;10000;16;1;0.2528836999554187
single;10000;16;3;3.862578299944289
single;10000;16;3;2.4495738999685273
single;10000;16;6;0.11238179996144027
single;10000;16;2;3.4093972999835387
single;10000;16;4;3.8042757000075653
single;10000;16;2;0.3030734999338165
single;10000;16;1;2.398530599894002
single;10000;16;5;0.17197150003630668
single;10000;16;2;0.5869042000267655
single;10000;17;3;3.969583399943076
single;10000;17;4;4.253424700000323
single;10000;17;4;0.14549280004575849
single;10000;17;1;1.257827699999325
single;10000;17;6;0.13747830002103
single;10000;17;3;3.84516510006506
single;10000;17;5;4.415347100002691
single;10000;17;6;2.757219900027849
single;10000;17;2;0.1817100999178365
single;10000;17;3;0.9111742000095546
single;10000;18;4;0.11491010000463575
single;10000;18;1;0.5320534000638872
single;10000;18;5;3.6064480000641197
single;10000;18;0;0.14488489995710552
single;10000;18;6;3.5916328000603244
single;10000;18;2;3.577606000006199
single;10000;18;3;3.2123884999891743
single;10000;18;1;2.930725699989125
single;10000;18;5;1.1899757999926805
single;10000;18;3;3.9249424999579787
single;10000;19;0;0.12869500007946044
single;10000;19;4;3.580423899926245
single;10000;19;0;1.7710242999019101
single;10000;19;5;0.36860259994864464
single;10000;19;4;0.3923557000234723
single;10000;19;2;3.954444200033322
single;10000;19;2;0.13802930002566427
single;10000;19;5;3.1797602000879124
single;10000;19;3;0.10603889997582883
single;10000;19;5;0.15094650001265109
single;10000;20;3;0.12687790009658784
single;10000;20;0;3.45942600001581
single;10000;20;2;0.19624870002735406
single;10000;20;3;0.5043061000760645
single;10000;20;5;0.1372867999598384
single;10000;20;3;0.6197521999711171
single;10000;20;1;0.46772539999801666
single;10000;20;3;0.6758438999531791
single;10000;20;2;3.735303100082092
single;10000;20;3;4.482529200031422
single;10000;21;5;0.29638259997591376
single;10000;21;1;0.5179747000802308
single;10000;21;0;0.17882240004837513
single;10000;21;0;0.12085489998571575
single;10000;21;6;0.7067691000411287
single;10000;21;4;0.8836131999269128
single;10000;21;2;0.105583900003694
single;10000;21;2;0.5581910000182688
single;10000;21;0;2.40869950002525
single;10000;21;2;0.13205749995540828
single;10000;22;5;0.511112799984403
single;10000;22;2;0.11717739992309362
single;10000;22;3;0.16122440004255623
single;10000;22;2;0.15455420000944287
single;10000;22;2;1.7790410000598058
single;10000;22;5;2.6312733999220654
single;10000;22;5;0.10690150002483279
single;10000;22;4;0.19185509998351336
single;10000;22;4;1.505832999944687
single;10000;22;1;0.48625680000986904
single;10000;23;4;2.990059299976565
single;10000;23;4;0.15104649995919317
single;10000;23;4;0.12272200000006706
single;10000;23;4;0.7490552000235766
single;10000;23;1;2.446942299953662
single;10000;23;0;0.10513110004831105
single;10000;23;3;1.2576453000074252
single;10000;23;1;2.8949220000067726
single;10000;23;2;0.14652269997168332
single;10000;23;3;3.0911152000771835
single;10000;24;2;0.12000889994669706
single;10000;24;1;0.09970399993471801
single;10000;24;4;0.16434330004267395
single;10000;24;0;0.15750860003754497
single;10000;24;2;0.13815900008194149
single;10000;24;1;3.212232599966228
single;10000;24;1;0.15527260000817478
single;10000;24;3;0.24388590001035482
single;10000;24;0;0.3478142999811098
single;10000;24;5;0.2998557999962941
single;10000;25;0;0.13700540002901107
single;10000;25;5;0.20173870003782213
single;10000;25;2;0.12871379998978227
single;10000;25;3;1.7425844999961555
single;10000;25;3;0.18766330007929355
single;10000;25;0;0.12523320002947003
single;10000;25;4;0.2420143000781536
single;10000;25;3;1.9921762000303715
single;10000;25;4;3.042291200021282
single;10000;25;1;2.7246528000105172
single;10000;26;4;0.09277890005614609
single;10000;26;5;0.4037639000453055
single;10000;26;2;1.8249399999622256
single;10000;26;1;0.1517181999515742
single;10000;26;4;0.10043499991297722
single;10000;26;3;1.2751484999898821
single;10000;26;0;0.4871330999303609
single;10000;26;3;0.1615951000712812
single;10000;26;1;0.18487160000950098
single;10000;26;1;0.10685079998802394
single;10000;27;6;0.17900290002580732
single;10000;27;5;2.437789999996312
single;10000;27;6;1.5604860000312328
single;10000;27;5;0.13135679997503757
single;10000;27;1;0.3430612999945879
single;10000;27;2;0.2542781999800354
single;10000;27;0;0.17120960005559027
single;10000;27;1;0.10869000002276152
single;10000;27;3;2.1034931999165565
single;10000;27;6;0.2003250999841839
single;10000;28;4;0.17683190002571791
single;10000;28;0;0.10710629995446652
single;10000;28;4;0.22239529993385077
single;10000;28;3;0.6360953999683261
single;10000;28;2;1.0232824999839067
single;10000;28;4;0.2917230000020936
single;10000;28;3;0.6494470000034198
single;10000;28;1;0.13221940002404153
single;10000;28;5;0.1376894999993965
single;10000;28;4;0.11664089991245419
single;10000;29;5;0.16174510004930198
single;10000;29;2;0.19463899999391288
single;10000;29;4;0.48469099996145815
single;10000;29;6;0.1571332000894472
single;10000;29;3;0.8403912000358105
single;10000;29;2;0.09465800004545599
single;10000;29;2;1.2021274999715388
single;10000;29;3;0.1019873000914231
single;10000;29;5;0.13471379992552102
single;10000;29;3;0.17761729995254427
single;10000;30;6;0.24602690001484007
single;10000;30;2;0.12693340005353093
single;10000;30;1;0.22488049999810755
single;10000;30;3;0.28947219997644424
single;10000;30;4;0.5458747999509797
single;10000;30;1;0.13467759999912232
single;10000;30;3;0.2526775000151247
single;10000;30;2;0.10358410002663732
single;10000;30;2;0.10116840002592653
single;10000;30;4;0.3773575999075547
single;10000;31;4;0.11696079990360886
single;10000;31;3;0.12595120002515614
single;10000;31;6;0.8790809999918565
single;10000;31;3;0.40360369998961687
single;10000;31;6;0.2332765000173822
single;10000;31;1;0.3423467999091372
single;10000;31;6;0.7550207000458613
single;10000;31;5;0.20649769995361567
single;10000;31;2;0.13051290006842464
single;10000;31;4;0.5046527000376955
single;10000;32;3;0.10593249998055398
single;10000;32;4;0.23866300005465746
single;10000;32;1;0.14639370003715158
single;10000;32;3;0.10592479992192239
single;10000;32;4;0.1638941999990493
single;10000;32;2;0.12269889994058758
single;10000;32;3;0.10506800003349781
single;10000;32;0;0.14115849998779595
single;10000;32;0;0.1153275000397116
single;10000;32;5;0.7122022999683395
single;10000;33;2;0.3063943999586627
single;10000;33;3;0.4335194000741467
single;10000;33;3;0.20801649999339134
single;10000;33;2;0.49624829995445907
single;10000;33;2;0.47327319998294115
single;10000;33;0;0.4903209999902174
single;10000;33;3;0.0888099999865517
single;10000;33;2;0.1332282000221312
single;10000;33;1;0.17614720005076379
single;10000;33;4;0.09778229997027665
single;10000;34;6;0.11811100004706532
single;10000;34;3;0.0859568000305444
single;10000;34;2;0.44061109994072467
single;10000;34;4;0.10364069999195635
single;10000;34;3;0.08095790003426373
single;10000;34;2;0.21950819995254278
single;10000;34;3;0.11510599998291582
single;10000;34;3;0.6187262999592349
single;10000;34;6;0.09481240005698055
single;10000;34;6;0.6388402000302449
single;10000;35;3;0.16703809995669872
single;10000;35;5;0.08980639989022166
single;10000;35;2;0.47031490004155785
single;10000;35;2;0.0869308999972418
single;10000;35;3;0.2954600000521168
single;10000;35;6;0.13900059997104108
single;10000;35;2;0.09242590004578233
single;10000;35;2;0.33185849990695715
single;10000;35;4;0.22146260004956275
single;10000;35;3;0.08752960001584142
single;10000;36;3;0.37744269997347146
single;10000;36;6;0.2880152000579983
single;10000;36;6;0.3086479998892173
single;10000;36;3;0.08071020001079887
single;10000;36;1;0.418197900056839
single;10000;36;3;0.3318321999395266
single;10000;36;3;0.25103129993658513
single;10000;36;1;0.22370129998307675
single;10000;36;4;0.08717960002832115
single;10000;36;0;0.31597999995574355
single;10000;37;3;0.23775309999473393
single;10000;37;3;0.37283949996344745
single;10000;37;3;0.1862645000219345
single;10000;37;0;0.22292139998171479
single;10000;37;6;0.22272520000115037
single;10000;37;2;0.23343819996807724
single;10000;37;3;0.09065030002966523
single;10000;37;4;0.2669037999585271
single;10000;37;3;0.3218177000526339
single;10000;37;4;0.22277540003415197
single;10000;38;2;0.23497820005286485
single;10000;38;3;0.3604141999967396
single;10000;38;1;0.115065100020729
single;10000;38;2;0.26027159998193383
single;10000;38;2;0.1450108999852091
single;10000;38;0;0.20506559999193996
single;10000;38;1;0.10381799994502217
single;10000;38;4;0.10703459999058396
single;10000;38;2;0.13523180002812296
single;10000;38;3;0.08174060005694628
single;10000;39;3;0.09267199994064867
single;10000;39;1;0.30246310005895793
single;10000;39;5;0.25538770004641265
single;10000;39;5;0.16075789998285472
single;10000;39;2;0.07574359991122037
single;10000;39;3;0.07697440008632839
single;10000;39;6;0.2695106000173837
single;10000;39;1;0.20778050005901605
single;10000;39;2;0.25901879998855293
single;10000;39;3;0.1622141000116244
single;10000;40;5;0.19779009988997132
single;10000;40;3;0.08119990001432598
single;10000;40;6;0.20011209999211133
single;10000;40;3;0.09122060006484389
single;10000;40;2;0.09398060000967234
single;10000;40;2;0.12989340000785887
single;10000;40;3;0.07697910000570118
single;10000;40;6;0.0756265000673011
single;10000;40;6;0.08065939997322857
single;10000;40;2;0.210731599945575
single;10000;41;3;0.15312429994810373
single;10000;41;6;0.14023909997195005
single;10000;41;3;0.07748680002987385
single;10000;41;1;0.14298310002777725
single;10000;41;2;0.140086300089024
single;10000;41;2;0.077930299914442
single;10000;41;5;0.1436436000512913
single;10000;41;4;0.13976789999287575
single;10000;41;6;0.15844389994163066
multi;500;0;4;0.8436039000516757
multi;500;1;4;0.8148508000886068
multi;500;1;6;0.8505955000873655
multi;500;1;3;0.7763147000223398
multi;500;1;4;0.7872972999466583
multi;500;1;3;0.7948893000138924
multi;500;1;3;0.8052905999356881
multi;500;1;3;0.8217200000071898
multi;500;2;2;0.8098057999741286
multi;500;2;1;0.773441500030458
multi;500;2;1;0.7880073999986053
multi;500;2;5;0.814310299931094
multi;500;2;4;0.8205366999609396
multi;500;2;3;0.8080976000055671
multi;500;2;4;0.7928953999653459
multi;500;2;3;0.8094699999783188
multi;500;2;2;0.7938312999904156
multi;500;2;1;0.799226799979806
multi;500;3;1;0.7867546000052243
multi;500;3;5;0.7795866999076679
multi;500;3;3;0.7842505999142304
multi;500;3;2;0.7803311999887228
multi;500;3;4;0.7947565000504255
multi;500;3;3;0.8045747000724077
multi;500;3;5;0.8060697000473738
multi;500;3;2;0.8060470999917015
multi;500;3;1;0.7836855000350624
multi;500;3;4;0.7696666000410914
multi;500;4;3;0.7835412999847904
multi;500;4;1;0.7840576000744477
multi;500;4;2;0.7939332000678405
multi;500;4;2;0.8014294999884441
multi;500;4;1;0.7684849000070244
multi;500;4;1;0.7669430999085307
multi;500;4;5;0.772616200032644
multi;500;4;2;0.7603433000622317
multi;500;4;3;0.817584800068289
multi;500;4;6;0.8056671000085771
multi;500;5;4;0.7886803000001237
multi;500;5;4;0.8105174999218434
multi;500;5;5;0.8324798999819905
multi;500;5;2;0.8339431000640616
multi;500;5;4;0.7543552999850363
multi;500;5;1;0.7857113000936806
multi;500;5;4;0.7705341000109911
multi;500;5;4;0.7683212000411004
multi;500;5;1;0.7839781000511721
multi;500;5;2;0.7565723999869078
multi;500;6;2;0.78309869999066
multi;500;6;3;0.7447113000089303
multi;500;6;1;0.7660293999360874
multi;500;6;2;0.8112577999709174
multi;500;6;4;0.8202029999811202
multi;500;6;1;0.7627248000353575
multi;500;6;3;0.7501926999539137
multi;500;6;5;0.7684928000671789
multi;500;6;5;0.7804639000678435
multi;500;6;6;0.7409151999745518
multi;500;7;4;0.75005459995009
multi;500;7;4;0.7764454999705777
multi;500;7;3;0.7869111000327393
multi;500;7;4;0.7659134999848902
multi;500;7;2;0.7601042999885976
multi;500;7;4;0.7493905000155792
multi;500;7;5;0.803371399990283
multi;500;7;3;0.8101998999482021
multi;500;7;3;0.7939966000849381
multi;500;7;3;0.7871912999544293
multi;500;8;6;0.7951645000139251
multi;500;8;4;0.7724177000345662
multi;500;8;2;0.7737685999600217
multi;500;8;5;0.7752100001089275
multi;500;8;1;0.7705861000576988
multi;500;8;3;0.7427465999498963
multi;500;8;6;0.7973234000382945
multi;500;8;5;0.7670709999511018
multi;500;8;5;0.7516849000239745
multi;500;8;2;0.7608987999847159
multi;500;9;3;0.7460774999344721
multi;500;9;2;0.7482144000241533
multi;500;9;4;0.7464923999505118
multi;500;9;3;0.7754828999750316
multi;500;9;4;0.7640616000862792
multi;500;9;3;0.7699236000189558
multi;500;9;4;0.7815456999232993
multi;500;9;2;0.7546891999663785
multi;500;9;2;0.7424808000214398
multi;500;9;1;0.760307400021702
multi;500;10;2;0.7526139999972656
multi;500;10;2;0.7885796000482515
multi;500;10;3;0.8254216000204906
multi;500;10;5;0.7474269999656826
multi;500;10;2;0.7504138000076637
multi;500;10;4;0.7778731000144035
multi;500;10;2;0.7410650999518111
multi;500;10;2;0.7565949000418186
multi;500;10;4;0.7451095000142232
multi;500;10;4;0.7494822000153363
multi;500;11;5;0.7336360000772402
multi;500;11;1;0.7653936999849975
multi;500;11;1;0.7471500999527052
multi;500;11;4;0.7224755000788718
multi;500;11;3;0.7494819000130519
multi;500;11;2;0.8022054000757635
multi;500;11;2;0.8001520000398159
multi;500;11;1;0.7604203000664711
multi;500;11;0;0.7675458999583498
multi;500;11;2;0.7737981000682339
multi;500;12;6;0.7649482000852004
multi;500;12;2;0.7512510999804363
multi;500;12;4;0.7429527000058442
multi;500;12;5;0.7301079999888316
multi;500;12;6;0.7443866000976413
multi;500;12;2;0.7401330000720918
multi;500;12;3;0.7203252000035718
multi;500;12;3;0.7648331999080256
multi;500;12;5;0.8067454999545589
multi;500;12;1;0.764298600028269
multi;500;13;5;0.7311024999944493
multi;500;13;3;0.7511157001135871
multi;500;13;0;0.7872548999730498
multi;500;13;1;0.780462299939245
multi;500;13;1;0.7355863000266254
multi;500;13;6;0.7543583998922259
multi;500;13;2;0.7615632999222726
multi;500;13;4;0.74363819998689
multi;500;13;3;0.7621492999605834
multi;500;13;2;0.7556651999475434
multi;500;14;3;0.7357162000844255
multi;500;14;4;0.748898999998346
multi;500;14;2;0.727423399919644
multi;500;14;2;0.729458500049077
multi;500;14;4;0.743942299974151
multi;500;14;1;0.7484522999729961
multi;500;14;1;0.7558295999187976
multi;500;14;4;0.743269499973394
multi;500;14;6;0.7501588000450283
multi;500;14;4;0.7347075999714434
multi;500;15;6;0.7384336999384686
multi;500;15;6;0.7364474999485537
multi;500;15;1;0.7482713999925181
multi;500;15;3;0.7653658000053838
multi;500;15;6;0.7674574000993744
multi;500;15;4;0.8024046000791714
multi;500;15;1;0.7588550000218675
multi;500;15;2;0.7242971999803558
multi;500;15;3;0.7134327999083325
multi;500;15;5;0.769693199894391
multi;500;16;1;0.7573202000930905
multi;500;16;3;0.7553292999509722
multi;500;16;4;0.7297456000233069
multi;500;16;6;0.734554799972102
multi;500;16;6;0.7425024999538437
multi;500;16;3;0.7393172000302002
multi;500;16;2;0.7498068000422791
multi;500;16;1;0.8063266000244766
multi;500;16;5;0.7878939000656828
multi;500;16;2;0.7825834000250325
multi;500;17;5;0.7669900000328198
multi;500;17;4;0.7558539999881759
multi;500;17;4;0.7938162999926135
multi;500;17;2;0.7292613000608981
multi;500;17;6;0.7087638999801129
multi;500;17;3;0.7487113999668509
multi;500;17;5;0.7543879000004381
multi;500;17;6;0.7275687999790534
multi;500;17;2;0.7285578000592068
multi;500;17;4;0.7645708000054583
multi;500;18;4;0.7638364000013098
multi;500;18;5;0.751757699996233
multi;500;18;5;0.7348391000414267
multi;500;18;0;0.7167636000085622
multi;500;18;6;0.7755308999912813
multi;500;18;6;0.7979201999260113
multi;500;18;1;0.7638718999223784
multi;500;18;4;0.7645381001057103
multi;500;18;4;0.7697842000052333
multi;500;18;4;0.7267379999393597
multi;500;19;0;0.7256232999498025
multi;500;19;4;0.7559719000710174
multi;500;19;0;0.7479321999708191
multi;500;19;3;0.7454722999827936
multi;500;19;3;0.7856631999602541
multi;500;19;2;0.7637628000229597
multi;500;19;4;0.7393338999245316
multi;500;19;5;0.7455212000058964
multi;500;19;3;0.7539048999315128
multi;500;19;5;0.766311899991706
multi;500;20;3;0.7425371999852359
multi;500;20;3;0.7640380000229925
multi;500;20;3;0.7409986000275239
multi;500;20;3;0.7859027999220416
multi;500;20;5;0.7604702999815345
multi;500;20;2;0.7467881999909878
multi;500;20;6;0.7528543999651447
multi;500;20;3;0.7646077000536025
multi;500;20;2;0.7337045000167564
multi;500;20;3;0.7799563999287784
multi;500;21;6;0.7294450000626966
multi;500;21;2;0.739602499990724
multi;500;21;4;0.7420694000320509
multi;500;21;0;0.7639072000747547
multi;500;21;1;0.7678948000539094
multi;500;21;4;0.7801610000897199
multi;500;21;2;0.7720709000714123
multi;500;21;2;0.7426037000259385
multi;500;21;0;0.7283623999683186
multi;500;21;2;0.7306205999338999
multi;500;22;5;0.7368041999870911
multi;500;22;2;0.7190112000098452
multi;500;22;3;0.7192155999364331
multi;500;22;2;0.7359114000573754
multi;500;22;2;0.769653599942103
multi;500;22;3;0.7419540999690071
multi;500;22;5;0.7102071999106556
multi;500;22;4;0.720030999975279
multi;500;22;4;0.7387358999112621
multi;500;22;4;0.7471550999907777
multi;500;23;6;0.7499466999433935
multi;500;23;4;0.7149928999133408
multi;500;23;4;0.7297957000555471
multi;500;23;3;0.7271028000395745
multi;500;23;3;0.7103920000372455
multi;500;23;0;0.7231315000681207
multi;500;23;2;0.7697127000428736
multi;500;23;3;0.78701099997852
multi;500;23;2;0.817101199994795
multi;500;23;3;0.823340900009498
multi;500;24;2;0.7844897999893874
multi;500;24;1;0.7904118000296876
multi;500;24;4;0.7296195999952033
multi;500;24;0;0.7215659000212327
multi;500;24;6;0.7263416000641882
multi;500;24;6;0.7281130999326706
multi;500;24;2;0.7229309000540525
multi;500;24;6;0.7461017000023276
multi;500;24;1;0.7257243000203744
multi;500;24;1;0.776992000057362
multi;500;25;0;0.7556482000509277
multi;500;25;5;0.7712111999280751
multi;500;25;2;0.7554503999417648
multi;500;25;3;0.7530217999592423
multi;500;25;3;0.7204134000930935
multi;500;25;0;0.73528639995493
multi;500;25;3;0.7443639000412077
multi;500;25;3;0.7220256000291556
multi;500;25;2;0.7156231999397278
multi;500;25;3;0.7404161000158638
multi;500;26;4;0.7499163000611588
multi;500;26;4;0.7459236000431702
multi;500;26;2;0.7394899999490008
multi;500;26;1;0.7256004000082612
multi;500;26;4;0.7647274000337347
multi;500;26;6;0.7810104000382125
multi;500;26;3;0.7535065000411123
multi;500;26;6;0.7460052999667823
multi;500;26;3;0.748908199951984
multi;500;26;1;0.7540702000260353
multi;500;27;6;0.761156199965626
multi;500;27;5;0.7269829000579193
multi;500;27;6;0.7281531000044197
multi;500;27;5;0.740774399950169
multi;500;27;3;0.7186048999428749
multi;500;27;0;0.7097070999443531
multi;500;27;2;0.7318018999649212
multi;500;27;2;0.7278364999219775
multi;500;27;3;0.7406074999598786
multi;500;27;6;0.7314762999303639
multi;500;28;4;0.753858899930492
multi;500;28;0;0.7582131999079138
multi;500;28;3;0.7591660000616685
multi;500;28;3;0.7321251999819651
multi;500;28;2;0.7138648999389261
multi;500;28;3;0.7215789000038058
multi;500;28;1;0.740919700008817
multi;500;28;1;0.7376122999703512
multi;500;28;5;0.7114584000082687
multi;500;28;4;0.7185833000112325
multi;500;29;5;0.7470692000351846
multi;500;29;2;0.7599119999213144
multi;500;29;5;0.8211059999885038
multi;500;29;6;0.7849438999546692
multi;500;29;3;0.7645328999496996
multi;500;29;2;0.7532494999468327
multi;500;29;2;0.7452406999655068
multi;500;29;3;0.7502015000209212
multi;500;29;5;0.7228489000117406
multi;500;29;3;0.7306361999362707
multi;500;30;6;0.738949199905619
multi;500;30;2;0.7165378999197856
multi;500;30;1;0.721375499968417
multi;500;30;4;0.7224158000899479
multi;500;30;2;0.7824573999969289
multi;500;30;4;0.7477136999368668
multi;500;30;0;0.7332188000436872
multi;500;30;5;0.7363532000454143
multi;500;30;2;0.7552181999199092
multi;500;30;3;0.7443578999955207
multi;500;31;5;0.7102966000093147
multi;500;31;3;0.722081599989906
multi;500;31;3;0.7122578000416979
multi;500;31;4;0.7338088999968022
multi;500;31;1;0.7653731999453157
multi;500;31;4;0.7223925000289455
multi;500;31;4;0.7418312000809237
multi;500;31;4;0.7633258000714704
multi;500;31;4;0.7624597999965772
multi;500;32;3;0.7378614000044763
multi;500;32;6;0.7334697999758646
multi;500;32;3;0.7383452000794932
multi;500;32;3;0.7627115000505
multi;500;32;4;0.7324120999546722
multi;500;32;6;0.7188154000323266
multi;500;32;3;0.7230243999511003
multi;500;32;0;0.7147206000518054
multi;500;32;0;0.7257280999328941
multi;500;32;5;0.7205620999448001
multi;500;33;2;0.7701162999728695
multi;500;33;3;0.7336216999683529
multi;500;33;6;0.7426435999805108
multi;500;33;1;0.750228299992159
multi;500;33;2;0.7669321999419481
multi;500;33;3;0.7702974999556318
multi;500;33;3;0.7855542999459431
multi;500;33;3;0.7495059999637306
multi;500;33;5;0.7109825999941677
multi;500;33;4;0.7399198000784963
multi;500;34;6;0.7250370000256225
multi;500;34;3;0.7210138000082225
multi;500;34;2;0.7298921999754384
multi;500;34;4;0.7283071000128984
multi;500;34;3;0.7296674000099301
multi;500;34;2;0.7728207999607548
multi;500;34;3;0.7728399999905378
multi;500;34;5;0.7841792999533936
multi;500;34;6;0.7260527000762522
multi;500;34;5;0.7274709000485018
multi;500;35;3;0.7283194999909028
multi;500;35;5;0.714935899944976
multi;500;35;2;0.7439015000127256
multi;500;35;2;0.7194499999750406
multi;500;35;3;0.7211188001092523
multi;500;35;6;0.7269239999586716
multi;500;35;2;0.7211573999375105
multi;500;35;2;0.7206203999230638
multi;500;35;4;0.7258622000226751
multi;500;35;3;0.7805071999318898
multi;500;36;3;0.7980367999989539
multi;500;36;6;0.8133326999377459
multi;500;36;6;0.8236081999493763
multi;500;36;3;0.8214865999761969
multi;500;36;5;0.8112393000628799
multi;500;36;3;0.784297400037758
multi;500;36;6;0.8013351999688894
multi;500;36;1;0.8088883999735117
multi;500;36;4;0.7820005000103265
multi;500;36;0;0.7453720000339672
multi;500;37;3;0.7679744999622926
multi;500;37;3;0.7917824001051486
multi;500;37;3;0.8065390998963267
multi;500;37;0;0.8148024999536574
multi;500;37;6;0.769438200048171
multi;500;37;2;0.7788300999673083
multi;500;37;3;0.7526852999581024
multi;500;37;4;0.7723221000051126
multi;500;37;2;0.7543460000306368
multi;500;37;6;0.7767737000249326
multi;500;38;2;0.7395160000305623
multi;500;38;3;0.7217667999211699
multi;500;38;1;0.7072567000286654
multi;500;38;6;0.7370160999707878
multi;500;38;2;0.7223953999346122
multi;500;38;0;0.7097795999143273
multi;500;38;2;0.7103907000273466
multi;500;38;4;0.739350299932994
multi;500;38;5;0.7198272999376059
multi;500;38;3;0.7263792000012472
multi;500;39;3;0.7405415000393987
multi;500;39;1;0.7164585000136867
multi;500;39;5;0.7311024999944493
multi;500;39;5;0.7384783999295905
multi;500;39;2;0.7425093000056222
multi;500;39;3;0.741734099923633
multi;500;39;6;0.7352305999957025
multi;500;39;4;0.7696622000075877
multi;500;39;2;0.782162900082767
multi;500;39;3;0.7868222000543028
multi;500;40;5;0.721950399922207
multi;500;40;3;0.718449900043197
multi;500;40;6;0.7109973999904469
multi;500;40;3;0.7212958999443799
multi;500;40;2;0.7065218000207096
multi;500;40;2;0.7369310000212863
multi;500;40;3;0.7345724999904633
multi;500;40;6;0.739890499971807
multi;500;40;6;0.7618878999492154
multi;500;40;2;0.7338066999800503
multi;500;41;3;0.7772722999798134
multi;500;41;6;0.7350105000659823
multi;500;41;3;0.7078432999551296
multi;500;41;1;0.711354999919422
multi;500;41;2;0.7082153999945149
multi;500;41;2;0.7333599999547005
multi;500;41;5;0.7231570000294596
multi;500;41;4;0.7284064999548718
multi;500;41;6;0.7646295999875292
multi;5000;0;3;1.1968091999879107
multi;5000;1;2;1.1625956998905167
multi;5000;1;3;1.1311076000565663
multi;5000;1;3;1.190238600014709
multi;5000;1;3;1.175627600052394
multi;5000;1;3;1.2615836000768468
multi;5000;1;3;1.1137421999592334
multi;5000;1;3;1.1212196999695152
multi;5000;2;3;1.1230507000582293
multi;5000;2;4;1.1485192000400275
multi;5000;2;3;1.1074311999836937
multi;5000;2;3;1.128586999955587
multi;5000;2;4;1.150387700065039
multi;5000;2;2;1.1275550000136718
multi;5000;2;3;1.0917159999953583
multi;5000;2;3;1.099554300075397
multi;5000;2;2;1.1457311999984086
multi;5000;2;1;1.1098356998991221
multi;5000;3;3;1.126733100041747
multi;5000;3;4;1.1205743999453261
multi;5000;3;3;1.0489536001114175
multi;5000;3;4;1.109647799981758
multi;5000;3;3;1.0423130999552086
multi;5000;3;3;1.0996519000036642
multi;5000;3;5;1.0866188000654802
multi;5000;3;3;1.217907499987632
multi;5000;3;1;1.1537338000489399
multi;5000;3;3;1.105331699945964
multi;5000;4;3;1.133921999949962
multi;5000;4;4;1.1017278999788687
multi;5000;4;2;1.12585750001017
multi;5000;4;0;1.0238538000267
multi;5000;4;1;1.0798609999474138
multi;5000;4;3;1.139387400005944
multi;5000;4;3;1.0496502999449149
multi;5000;4;3;1.0914987000869587
multi;5000;4;3;1.0826426000567153
multi;5000;4;6;1.0411309999180958
multi;5000;5;4;1.1129022999666631
multi;5000;5;2;1.09487559995614
multi;5000;5;3;1.0318939000135288
multi;5000;5;3;1.0308143000584096
multi;5000;5;4;0.9904962000437081
multi;5000;5;2;1.1302977000596002
multi;5000;5;4;1.0982775000156835
multi;5000;5;1;1.0788484999211505
multi;5000;5;1;1.1082602000096813
multi;5000;5;3;1.030137899913825
multi;5000;6;2;1.0932002000045031
multi;5000;6;3;0.7902646999573335
multi;5000;6;4;1.0599465999985114
multi;5000;6;2;1.110201200004667
multi;5000;6;3;1.0578405999112874
multi;5000;6;3;1.1057362999999896
multi;5000;6;3;1.0333183000329882
multi;5000;6;5;1.0002983999438584
multi;5000;6;3;1.05772570008412
multi;5000;6;6;1.0776738999411464
multi;5000;7;4;1.03402909997385
multi;5000;7;1;1.0702654999913648
multi;5000;7;3;1.0369380000047386
multi;5000;7;4;1.0386146999662742
multi;5000;7;2;1.0664347999263555
multi;5000;7;2;0.9968155000824481
multi;5000;7;5;1.0171147999353707
multi;5000;7;3;1.008972999989055
multi;5000;7;3;0.986303300014697
multi;5000;7;3;1.0589165000710636
multi;5000;8;4;1.0391102000139654
multi;5000;8;1;1.0358677000040188
multi;5000;8;5;1.0106515999650583
multi;5000;8;4;1.0192793000023812
multi;5000;8;1;0.9642306000459939
multi;5000;8;3;0.8403907999163494
multi;5000;8;6;1.0485937000485137
multi;5000;8;0;1.0749628000194207
multi;5000;8;2;0.9988231000024825
multi;5000;8;6;0.9686409999849275
multi;5000;9;3;0.9618461999343708
multi;5000;9;2;1.0051310000708327
multi;5000;9;5;0.9610111999791116
multi;5000;9;3;0.9801015000557527
multi;5000;9;4;1.0525276999687776
multi;5000;9;3;1.1230620000278577
multi;5000;9;4;1.0862145000137389
multi;5000;9;2;0.9708225000649691
multi;5000;9;2;0.9529308000346646
multi;5000;9;1;1.005613400018774
multi;5000;10;2;0.9821236000861973
multi;5000;10;2;1.0904234000481665
multi;5000;10;3;0.9398761999327689
multi;5000;10;5;0.7668450999772176
multi;5000;10;2;0.8447421001037583
multi;5000;10;4;1.0077349999919534
multi;5000;10;2;0.9370337999425828
multi;5000;10;3;0.8822212000377476
multi;5000;10;5;0.9649840000784025
multi;5000;10;4;1.059723100042902
multi;5000;11;4;1.0362979000201449
multi;5000;11;1;1.0402628000592813
multi;5000;11;4;0.8755327999824658
multi;5000;11;1;0.8570622999686748
multi;5000;11;3;0.9471277999691665
multi;5000;11;2;0.9716567000141367
multi;5000;11;2;0.9375182000221685
multi;5000;11;1;0.9282941999845207
multi;5000;11;0;0.7697757999412715
multi;5000;11;2;0.9148077999707311
multi;5000;12;6;0.8356540999375284
multi;5000;12;2;1.0257161000045016
multi;5000;12;4;0.9859728999435902
multi;5000;12;5;0.7821808999869972
multi;5000;12;6;0.8667847999604419
multi;5000;12;2;0.8163731000386178
multi;5000;12;3;0.7798717999830842
multi;5000;12;3;0.9365140000591055
multi;5000;12;4;0.9750378000317141
multi;5000;12;5;0.9245756999589503
multi;5000;13;1;0.900155899929814
multi;5000;13;1;0.9828593999845907
multi;5000;13;0;0.9368404000997543
multi;5000;13;0;0.9867601000005379
multi;5000;13;1;0.826377599965781
multi;5000;13;6;0.7352739999769256
multi;5000;13;2;0.7809285001130775
multi;5000;13;5;0.9327061000512913
multi;5000;13;6;0.9056298999348655
multi;5000;13;2;0.850910099921748
multi;5000;14;3;0.8186607999959961
multi;5000;14;4;0.8699041999643669
multi;5000;14;2;0.7686116000404581
multi;5000;14;2;0.7813307999167591
multi;5000;14;4;0.8882820999715477
multi;5000;14;1;0.9519534999271855
multi;5000;14;1;0.9620142999337986
multi;5000;14;4;0.7969393999082968
multi;5000;14;6;0.771125299972482
multi;5000;14;4;0.7456252999836579
multi;5000;15;6;0.7523265000199899
multi;5000;15;6;0.7817714000120759
multi;5000;15;1;0.7607153999852017
multi;5000;15;0;0.9042811999097466
multi;5000;15;6;0.7642478999914601
multi;5000;15;5;1.1671988000161946
multi;5000;15;5;1.020271599991247
multi;5000;15;2;0.9452018000883982
multi;5000;15;3;0.8090579999843612
multi;5000;15;2;0.8846208000322804
multi;5000;16;1;0.8084780999924988
multi;5000;16;3;0.8840785999782383
multi;5000;16;4;1.0140983999008313
multi;5000;16;6;0.7654932000441477
multi;5000;16;6;0.952475200057961
multi;5000;16;4;0.9121954999864101
multi;5000;16;2;0.8426723000593483
multi;5000;16;1;0.8894951000111178
multi;5000;16;5;0.7765084999846295
multi;5000;16;2;0.8418935999507084
multi;5000;17;3;0.955677599995397
multi;5000;17;4;0.9019987999927253
multi;5000;17;4;0.7455609999597073
multi;5000;17;1;0.8821119000203907
multi;5000;17;6;0.7652787000406533
multi;5000;17;3;0.911816000007093
multi;5000;17;5;0.9286095999414101
multi;5000;17;6;0.818533300072886
multi;5000;17;2;0.7811483000405133
multi;5000;17;4;0.8518961999798194
multi;5000;18;4;0.7725224000168964
multi;5000;18;2;0.8182195000117645
multi;5000;18;6;0.8869779000524431
multi;5000;18;0;0.7267527999356389
multi;5000;18;6;0.9207379000727087
multi;5000;18;3;0.9233490000478923
multi;5000;18;3;0.9120338000357151
multi;5000;18;4;0.9294019000371918
multi;5000;18;4;0.9018503000261262
multi;5000;18;3;0.8862413000315428
multi;5000;19;0;0.7521303000394255
multi;5000;19;6;0.8975801999913529
multi;5000;19;0;0.8694353000028059
multi;5000;19;5;0.803947199950926
multi;5000;19;1;0.7696426999755204
multi;5000;19;2;0.8706944000441581
multi;5000;19;4;0.7243036000290886
multi;5000;19;5;0.9198128000134602
multi;5000;19;3;0.726564500015229
multi;5000;19;5;0.7380227000685409
multi;5000;20;3;0.7665696999756619
multi;5000;20;4;0.8676093999529257
multi;5000;20;3;0.7869709000224248
multi;5000;20;3;0.8391996000427753
multi;5000;20;5;0.7883262000977993
multi;5000;20;2;0.818452600040473
multi;5000;20;1;0.8083778000436723
multi;5000;20;5;0.7991959999781102
multi;5000;20;2;0.8549047000706196
multi;5000;20;2;0.9696832000045106
multi;5000;21;3;0.7555146999657154
multi;5000;21;2;0.8137861000141129
multi;5000;21;4;0.7916003999998793
multi;5000;21;0;0.7614308999618515
multi;5000;21;4;0.8491557000670582
multi;5000;21;4;0.8453836999833584
multi;5000;21;2;0.7329135000472888
multi;5000;21;2;0.8330511000240222
multi;5000;21;0;0.828719999990426
multi;5000;21;2;0.7221903000026941
multi;5000;22;5;0.7910155999707058
multi;5000;22;2;0.7573448999319226
multi;5000;22;3;0.7859969999408349
multi;5000;22;2;0.7826438000192866
multi;5000;22;2;0.8131855999818072
multi;5000;22;0;0.8603315999498591
multi;5000;22;5;0.7727513000136241
multi;5000;22;4;0.7444054000079632
multi;5000;22;4;0.8353338000597432
multi;5000;22;3;0.7563717999728397
multi;5000;23;6;0.952374599990435
multi;5000;23;4;0.759363199933432
multi;5000;23;4;0.7382930000312626
multi;5000;23;3;0.7963662999682128
multi;5000;23;1;0.8293709999416023
multi;5000;23;0;0.7496851000469178
multi;5000;23;0;0.8884938999544829
multi;5000;23;0;0.8665228000609204
multi;5000;23;2;0.7639037000481039
multi;5000;23;3;0.8606362999416888
multi;5000;24;2;0.7254421000834554
multi;5000;24;1;0.744710800005123
multi;5000;24;4;0.7382200999418274
multi;5000;24;0;0.7433763999724761
multi;5000;24;6;0.7746226000599563
multi;5000;24;6;0.9726988000329584
multi;5000;24;2;0.7633403000654653
multi;5000;24;6;0.7451912000542507
multi;5000;24;0;0.7916818000376225
multi;5000;24;1;0.7609235000563785
multi;5000;25;3;0.7288311999291182
multi;5000;25;5;0.7330943000270054
multi;5000;25;2;0.7297937000403181
multi;5000;25;3;0.8259549998911098
multi;5000;25;3;0.8377058999612927
multi;5000;25;0;0.7360286000184715
multi;5000;25;3;0.7300219999160618
multi;5000;25;3;0.8399380000773817
multi;5000;25;4;0.8838182999752462
multi;5000;25;1;0.8908697000006214
multi;5000;26;4;0.819221599958837
multi;5000;26;5;0.8147116999607533
multi;5000;26;1;0.8589348000241444
multi;5000;26;3;0.7217838999349624
multi;5000;26;4;0.7525231000036001
multi;5000;26;3;0.7808067000005394
multi;5000;26;0;0.7806703000096604
multi;5000;26;4;0.7607064000330865
multi;5000;26;3;0.7490249999100342
multi;5000;26;1;0.7295539000770077
multi;5000;27;6;0.7618068000301719
multi;5000;27;5;0.9281260999850929
multi;5000;27;6;0.9382120999507606
multi;5000;27;5;0.7637776000192389
multi;5000;27;1;0.7409291000803933
multi;5000;27;0;0.7754995999857783
multi;5000;27;2;0.7554241000907496
multi;5000;27;2;0.7407104999292642
multi;5000;27;3;0.8896840999368578
multi;5000;27;6;0.7889042999595404
multi;5000;28;4;0.8010984000284225
multi;5000;28;0;0.7815461999271065
multi;5000;28;3;0.7952110000187531
multi;5000;28;3;0.8379038999555632
multi;5000;28;2;0.8615589999826625
multi;5000;28;4;0.7403545000124723
multi;5000;28;3;0.8007067000726238
multi;5000;28;1;0.7425757999299094
multi;5000;28;5;0.7280495000304654
multi;5000;28;4;0.7256244999589399
multi;5000;29;5;0.7303868000162765
multi;5000;29;2;0.7618899999652058
multi;5000;29;5;0.8327831000788137
multi;5000;29;6;0.7595717000076547
multi;5000;29;3;0.7889300999231637
multi;5000;29;3;0.7626731999916956
multi;5000;29;2;0.8944632000057027
multi;5000;29;3;0.7572413999587297
multi;5000;29;5;0.7456057999515906
multi;5000;29;3;0.7519553999882191
multi;5000;30;6;0.7543899000156671
multi;5000;30;2;0.7244113000342622
multi;5000;30;4;0.7384287000168115
multi;5000;30;3;0.7569564000004902
multi;5000;30;2;0.8151387000689283
multi;5000;30;4;0.785229199915193
multi;5000;30;3;0.787852399982512
multi;5000;30;5;0.7386077999835834
multi;5000;30;2;0.7243791000219062
multi;5000;30;2;0.7504424001090229
multi;5000;31;5;0.7334234000882134
multi;5000;31;3;0.7211730000562966
multi;5000;31;3;0.8346276999218389
multi;5000;31;3;0.8148067001020536
multi;5000;31;6;0.749045499949716
multi;5000;31;1;0.7568726999452338
multi;5000;31;4;0.8251492999261245
multi;5000;31;4;0.7856274000369012
multi;5000;31;4;0.7681090000551194
multi;5000;31;4;0.7879399999510497
multi;5000;32;3;0.7446673000231385
multi;5000;32;6;0.7572635000105947
multi;5000;32;3;0.7430709000909701
multi;5000;32;3;0.7382163000293076
multi;5000;32;4;0.7250601999694481
multi;5000;32;6;0.7463002000004053
multi;5000;32;3;0.7321889000013471
multi;5000;32;0;0.7665951999370009
multi;5000;32;0;0.7468437000643462
multi;5000;32;5;0.8114955000346527
multi;5000;33;2;0.754523399984464
multi;5000;33;3;0.8022825999651104
multi;5000;33;3;0.7522680000402033
multi;5000;33;4;0.7705235999310389
multi;5000;33;2;0.804786599939689
multi;5000;33;0;0.8054274999303743
multi;5000;33;3;0.7342994000064209
multi;5000;33;3;0.7654615000355989
multi;5000;33;5;0.7187128999503329
multi;5000;33;4;0.7488357999827713
multi;5000;34;6;0.7253093000035733
multi;5000;34;3;0.7186557000968605
multi;5000;34;2;0.8100120999151841
multi;5000;34;4;0.7428497000364587
multi;5000;34;3;0.7282703999662772
multi;5000;34;2;0.7656191999558359
multi;5000;34;3;0.7543880000011995
multi;5000;34;3;0.8310295999981463
multi;5000;34;6;0.7410235999850556
multi;5000;34;6;0.7954999000066891
multi;5000;35;3;0.723445100011304
multi;5000;35;5;0.7418424000497907
multi;5000;35;2;0.7749862000346184
multi;5000;35;2;0.7169688000576571
multi;5000;35;3;0.7259946000995114
multi;5000;35;6;0.7352381999371573
multi;5000;35;2;0.7420398000394925
multi;5000;35;2;0.7560990999918431
multi;5000;35;4;0.7834678000072017
multi;5000;35;3;0.7710292000556365
multi;5000;36;3;0.7746001000050455
multi;5000;36;6;0.7410955000668764
multi;5000;36;6;0.7598668000428006
multi;5000;36;3;0.735542899928987
multi;5000;36;3;0.820752099971287
multi;5000;36;3;0.7585796000203118
multi;5000;36;6;0.7380860999692231
multi;5000;36;1;0.7233067998895422
multi;5000;36;4;0.737243500072509
multi;5000;36;0;0.7709502000361681
multi;5000;37;3;0.7468911999603733
multi;5000;37;3;0.7648316000122577
multi;5000;37;3;0.7554950999328867
multi;5000;37;0;0.7352208999218419
multi;5000;37;6;0.7230410999618471
multi;5000;37;2;0.7366916000610217
multi;5000;37;3;0.7456674999557436
multi;5000;37;4;0.7361777001060545
multi;5000;37;3;0.751638500019908
multi;5000;37;6;0.7415639000246301
multi;5000;38;2;0.7558774000499398
multi;5000;38;3;0.7575578999239951
multi;5000;38;1;0.761316700023599
multi;5000;38;6;0.730739500024356
multi;5000;38;2;0.7436954999575391
multi;5000;38;0;0.7416325000813231
multi;5000;38;2;0.7342292999383062
multi;5000;38;4;0.7441318999044597
multi;5000;38;2;0.7087124000536278
multi;5000;38;3;0.7165195000125095
multi;5000;39;3;0.7495947999414057
multi;5000;39;1;0.7795938999624923
multi;5000;39;5;0.7526094999630004
multi;5000;39;5;0.7515709999715909
multi;5000;39;2;0.788604800007306
multi;5000;39;3;0.7596009999979287
multi;5000;39;6;0.7666405999334529
multi;5000;39;1;0.7271540999645367
multi;5000;39;2;0.7339724999619648
multi;5000;39;3;0.7809421999845654
multi;5000;40;5;0.7117643000092357
multi;5000;40;3;0.7131289000390097
multi;5000;40;6;0.7415025000227615
multi;5000;40;3;0.787747299997136
multi;5000;40;2;0.7745391000062227
multi;5000;40;2;0.7452017000177875
multi;5000;40;3;0.7186789999250323
multi;5000;40;6;0.7181343999691308
multi;5000;40;6;0.7226675000274554
multi;5000;40;2;0.7397405999945477
multi;5000;41;3;0.7375638999510556
multi;5000;41;6;0.7711459000129253
multi;5000;41;3;0.743843299918808
multi;5000;41;1;0.7501914999447763
multi;5000;41;2;0.763857000041753
multi;5000;41;2;0.7242618000600487
multi;5000;41;5;0.7143284999765456
multi;5000;41;4;0.7123681000666693
multi;5000;41;6;0.7340994999976829
multi;10000;0;3;1.5183508000336587
multi;10000;1;2;1.532635199953802
multi;10000;1;3;1.47715120005887
multi;10000;1;3;1.49895249994006
multi;10000;1;3;1.6047871999908239
multi;10000;1;3;1.4791181000182405
multi;10000;1;3;1.5516405999660492
multi;10000;1;3;1.4944420999381691
multi;10000;2;3;1.6040169999469072
multi;10000;2;4;1.5159180999035016
multi;10000;2;3;1.518820199999027
multi;10000;2;3;1.5027762999525294
multi;10000;2;4;1.503239400102757
multi;10000;2;4;1.453502699965611
multi;10000;2;3;1.4773189999395981
multi;10000;2;3;1.4302536000031978
multi;10000;2;2;1.5712241000728682
multi;10000;2;4;1.4726526000304148
multi;10000;3;3;1.4488222999498248
multi;10000;3;4;1.4265634999610484
multi;10000;3;3;1.4391090999124572
multi;10000;3;3;1.3904928000411019
multi;10000;3;3;1.3931581999640912
multi;10000;3;3;1.4406852999236435
multi;10000;3;4;1.477755400002934
multi;10000;3;3;1.4917960999300703
multi;10000;3;3;1.544564999989234
multi;10000;3;3;1.4502376999007538
multi;10000;4;3;1.4160280000651255
multi;10000;4;4;1.4332226000260562
multi;10000;4;2;1.4786695999791846
multi;10000;4;2;1.3253324000397697
multi;10000;4;1;1.411469699931331
multi;10000;4;4;1.4272685000905767
multi;10000;4;0;1.375121399993077
multi;10000;4;4;1.3602692000567913
multi;10000;4;3;1.4101768999826163
multi;10000;4;6;1.389779799967073
multi;10000;5;4;1.4327125999843702
multi;10000;5;2;1.4145220000064
multi;10000;5;3;1.3453882000176236
multi;10000;5;3;1.3768714000470936
multi;10000;5;4;1.0925695999758318
multi;10000;5;1;1.4754295999882743
multi;10000;5;4;1.4330952999880537
multi;10000;5;5;1.460118200047873
multi;10000;5;1;1.4621344999177381
multi;10000;5;3;1.36721099994611
multi;10000;6;2;1.4349196000257507
multi;10000;6;3;0.857851600041613
multi;10000;6;1;1.354867700021714
multi;10000;6;2;1.5122022000141442
multi;10000;6;3;1.42003149993252
multi;10000;6;3;1.3930837999796495
multi;10000;6;3;1.2956990000093356
multi;10000;6;5;1.2896401999751106
multi;10000;6;3;1.3213207999942824
multi;10000;6;6;1.367806699941866
multi;10000;7;4;1.3246233999961987
multi;10000;7;1;1.457282799994573
multi;10000;7;3;1.38711760006845
multi;10000;7;4;1.3515133999753743
multi;10000;7;5;1.3237165999598801
multi;10000;7;2;1.2422969000181183
multi;10000;7;3;1.2992806999245659
multi;10000;7;3;1.1909102000063285
multi;10000;7;3;1.3107539999764413
multi;10000;8;4;1.324512799968943
multi;10000;8;1;1.351096999947913
multi;10000;8;5;1.3219884999562055
multi;10000;8;4;1.2497269000159577
multi;10000;8;3;0.8518389000091702
multi;10000;8;6;1.2382384999655187
multi;10000;8;0;1.312728499993682
multi;10000;8;2;1.2407641999889165
multi;10000;8;6;1.215150999953039
multi;10000;9;3;1.208343300037086
multi;10000;9;2;1.4336430000839755
multi;10000;9;5;1.2108209000434726
multi;10000;9;3;1.1562094000400975
multi;10000;9;4;1.2678864999907091
multi;10000;9;3;1.2371142000192776
multi;10000;9;4;1.2922394999768585
multi;10000;9;2;1.2325604000361636
multi;10000;9;2;1.2132580999750644
multi;10000;9;1;1.1705876999767497
multi;10000;10;2;1.2145450999960303
multi;10000;10;3;1.3525127000175416
multi;10000;10;3;1.1440619999775663
multi;10000;10;5;0.8438947000540793
multi;10000;10;2;0.9386511999182403
multi;10000;10;4;1.4469160999869928
multi;10000;10;2;1.2561233999440446
multi;10000;10;3;1.0783446000423282
multi;10000;10;5;1.154723700019531
multi;10000;10;4;1.3393471000017598
multi;10000;11;5;1.1528016000520438
multi;10000;11;1;1.3489002999849617
multi;10000;11;4;1.0678923999657854
multi;10000;11;1;1.0846941000781953
multi;10000;11;3;1.3465327000012621
multi;10000;11;2;1.2493461000267416
multi;10000;11;2;1.267542300047353
multi;10000;11;1;1.1908483000006527
multi;10000;11;0;0.7945163000840694
multi;10000;11;2;1.1320125999627635
multi;10000;12;6;0.8315714000491425
multi;10000;12;2;1.2689475000370294
multi;10000;12;4;1.2476385000627488
multi;10000;12;5;0.8057155000278726
multi;10000;12;6;0.9050373999634758
multi;10000;12;2;0.8121417999500409
multi;10000;12;3;0.8117356000002474
multi;10000;12;3;1.0906905999872833
multi;10000;12;5;0.9985558999469504
multi;10000;12;5;1.1522338000359014
multi;10000;13;1;1.108175899949856
multi;10000;13;3;1.2164989999728277
multi;10000;13;0;1.0923556999769062
multi;10000;13;0;1.1582267000339925
multi;10000;13;1;0.7701632999815047
multi;10000;13;6;0.7743746999185532
multi;10000;13;2;0.8223836999386549
multi;10000;13;5;1.148141699959524
multi;10000;13;6;1.1229481999762356
multi;10000;13;2;0.9402601000620052
multi;10000;14;3;0.7864838999230415
multi;10000;14;4;1.016760699916631
multi;10000;14;2;0.8557201999938115
multi;10000;14;2;0.8550366999115795
multi;10000;14;4;1.0403331000125036
multi;10000;14;1;1.2194715000223368
multi;10000;14;1;1.247021000017412
multi;10000;14;4;0.7890605999855325
multi;10000;14;6;0.8003891999833286
multi;10000;14;4;0.7521443000296131
multi;10000;15;6;0.797659800038673
multi;10000;15;6;0.8013772999402136
multi;10000;15;1;0.7432817000662908
multi;10000;15;0;1.06273320002947
multi;10000;15;6;0.765628399909474
multi;10000;15;1;1.2919296000618488
multi;10000;15;5;1.2139237000374123
multi;10000;15;2;1.0615954999811947
multi;10000;15;3;0.7771866000257432
multi;10000;15;2;1.0428692999994382
multi;10000;16;1;0.8716994000133127
multi;10000;16;3;1.0653379999566823
multi;10000;16;4;1.0553809999255463
multi;10000;16;6;0.8130752000724897
multi;10000;16;6;1.0906139999860898
multi;10000;16;4;1.0648357999743894
multi;10000;16;2;0.8661863000597805
multi;10000;16;1;0.9859396000392735
multi;10000;16;5;0.7948467000387609
multi;10000;16;2;0.9139514999696985
multi;10000;17;3;1.1727523000445217
multi;10000;17;4;1.0651197000406682
multi;10000;17;4;0.7589188000420108
multi;10000;17;1;0.973493600031361
multi;10000;17;6;0.7457651000004262
multi;10000;17;3;1.070671199937351
multi;10000;17;5;1.1355158000951633
multi;10000;17;6;0.9363787999609485
multi;10000;17;2;0.7866671000374481
multi;10000;17;4;0.9335733000189066
multi;10000;18;4;0.7957928999094293
multi;10000;18;2;0.8671286000171676
multi;10000;18;5;1.036714299931191
multi;10000;18;0;0.7580957999452949
multi;10000;18;6;1.163575500017032
multi;10000;18;3;1.116425700020045
multi;10000;18;3;1.1005032999673858
multi;10000;18;4;1.0674664999824017
multi;10000;18;4;0.9756369000533596
multi;10000;18;3;1.0566188000375405
multi;10000;19;0;0.799865199951455
multi;10000;19;6;1.0781662000808865
multi;10000;19;0;1.0373590000672266
multi;10000;19;5;0.9264102999586612
multi;10000;19;3;0.8000455000437796
multi;10000;19;2;1.0389787999447435
multi;10000;19;4;0.7437549000605941
multi;10000;19;5;1.1000872999429703
multi;10000;19;3;0.7752206999575719
multi;10000;19;5;0.7479640000965446
multi;10000;20;3;0.73335270001553
multi;10000;20;5;0.9305332000367343
multi;10000;20;3;0.8052250000182539
multi;10000;20;3;0.9072232000762597
multi;10000;20;5;0.780578300007619
multi;10000;20;2;0.8673364999704063
multi;10000;20;1;0.8814705000258982
multi;10000;20;5;0.8631915999576449
multi;10000;20;2;0.9775997999822721
multi;10000;20;2;1.1943161999806762
multi;10000;21;6;0.8212728999787942
multi;10000;21;1;0.9450779999606311
multi;10000;21;4;0.8167308999691159
multi;10000;21;0;0.7704026999417692
multi;10000;21;4;0.9489527998957783
multi;10000;21;4;0.9464245000854135
multi;10000;21;2;0.7534632999449968
multi;10000;21;2;0.888375399983488
multi;10000;21;0;0.9156233000103384
multi;10000;21;2;0.732891199993901
multi;10000;22;5;0.8321560000767931
multi;10000;22;2;0.7486989999888465
multi;10000;22;3;0.7815486999461427
multi;10000;22;2;0.8148282000329345
multi;10000;22;2;0.9753478999482468
multi;10000;22;5;0.9965289999963716
multi;10000;22;5;0.7431527000153437
multi;10000;22;4;0.7851629999931902
multi;10000;22;4;0.9960882000159472
multi;10000;22;4;0.7719638999551535
multi;10000;23;6;0.9738193000666797
multi;10000;23;4;0.7542710999259725
multi;10000;23;4;0.7386038999538869
multi;10000;23;6;0.8506827999372035
multi;10000;23;1;0.940137599944137
multi;10000;23;0;0.7534676000941545
multi;10000;23;2;0.9808769000228494
multi;10000;23;0;0.9282391000306234
multi;10000;23;2;0.7848965000594035
multi;10000;23;3;1.0771085999440402
multi;10000;24;2;0.7300129999639466
multi;10000;24;1;0.7420621999772266
multi;10000;24;4;0.7809798000380397
multi;10000;24;0;0.7720055999234319
multi;10000;24;6;0.7913715000031516
multi;10000;24;6;1.086858500028029
multi;10000;24;2;0.8136094999499619
multi;10000;24;6;0.7792547999415547
multi;10000;24;0;0.8282961000222713
multi;10000;24;4;0.8045754000777379
multi;10000;25;0;0.7266450000461191
multi;10000;25;5;0.8136807000264525
multi;10000;25;2;0.7852688999846578
multi;10000;25;3;0.9463117000414059
multi;10000;25;3;0.7600356000475585
multi;10000;25;0;0.7459059000248089
multi;10000;25;3;0.7822195999324322
multi;10000;25;3;0.9642143999226391
multi;10000;25;4;1.0043559999903664
multi;10000;25;4;0.9951654999749735
multi;10000;26;4;0.729581999941729
multi;10000;26;5;0.8072509999619797
multi;10000;26;1;0.9771693999646232
multi;10000;26;3;0.7484057999681681
multi;10000;26;4;0.7526796000311151
multi;10000;26;3;0.8139959999825805
multi;10000;26;0;0.8463779999874532
multi;10000;26;4;0.8127254999708384
multi;10000;26;3;0.7928797999629751
multi;10000;26;1;0.7893515999894589
multi;10000;27;6;0.758718500030227
multi;10000;27;5;1.0094638000009581
multi;10000;27;6;0.9340862999670208
multi;10000;27;5;0.7293835000600666
multi;10000;27;1;0.8061083999928087
multi;10000;27;0;0.784109800006263
multi;10000;27;2;0.7624482000246644
multi;10000;27;2;0.768011900014244
multi;10000;27;3;1.0390830000396818
multi;10000;27;6;0.7927399999462068
multi;10000;28;4;0.8147544999374077
multi;10000;28;0;0.7622699999483302
multi;10000;28;5;0.7717013000510633
multi;10000;28;3;0.8470505999866873
multi;10000;28;1;0.8983882999746129
multi;10000;28;4;0.763649299973622
multi;10000;28;3;0.8673715000040829
multi;10000;28;1;0.8305125000188127
multi;10000;28;5;0.7719677001005039
multi;10000;28;4;0.7707180000143126
multi;10000;29;5;0.7687572999857366
multi;10000;29;2;0.764809500076808
multi;10000;29;5;0.842706499970518
multi;10000;29;6;0.775723599945195
multi;10000;29;3;0.8995772999478504
multi;10000;29;3;0.7423233999870718
multi;10000;29;2;1.052982100052759
multi;10000;29;3;0.7912146999733523
multi;10000;29;5;0.8111712000099942
multi;10000;29;3;0.8191615000832826
multi;10000;30;6;0.7717279000207782
multi;10000;30;2;0.7288208999671042
multi;10000;30;1;0.7719271000241861
multi;10000;30;3;0.7453049999894574
multi;10000;30;2;0.782259100000374
multi;10000;30;4;0.7317704999586567
multi;10000;30;3;0.7899102999363095
multi;10000;30;5;0.7306245999643579
multi;10000;30;2;0.724920800072141
multi;10000;30;2;0.7718375000404194
multi;10000;31;5;0.7277156000491232
multi;10000;31;3;0.720205600024201
multi;10000;31;3;0.963614400010556
multi;10000;31;3;0.8316669000778347
multi;10000;31;6;0.7732452000491321
multi;10000;31;1;0.833172099897638
multi;10000;31;4;0.9125570000614971
multi;10000;31;4;0.764382200082764
multi;10000;31;4;0.7416102000279352
multi;10000;31;4;0.7855833999346942
multi;10000;32;3;0.7330782000208274
multi;10000;32;6;0.775008299970068
multi;10000;32;3;0.7287491000024602
multi;10000;32;3;0.7163825000170618
multi;10000;32;4;0.7312735000159591
multi;10000;32;6;0.7846033000387251
multi;10000;32;3;0.7653353000059724
multi;10000;32;0;0.7726024000439793
multi;10000;32;0;0.7753454999765381
multi;10000;32;5;0.9120324999094009
multi;10000;33;2;0.7861497999401763
multi;10000;33;3;0.8066983999451622
multi;10000;33;4;0.7507299999706447
multi;10000;33;4;0.7957893999991938
multi;10000;33;2;0.8201147000072524
multi;10000;33;1;0.79271810001228
multi;10000;33;3;0.7301774999359623
multi;10000;33;3;0.7635574999731034
multi;10000;33;2;0.7767168000573292
multi;10000;33;4;0.7516986000118777
multi;10000;34;6;0.7698435999918729
multi;10000;34;3;0.7244900000514463
multi;10000;34;2;0.8051327000139281
multi;10000;34;4;0.7347261999966577
multi;10000;34;3;0.7591627999208868
multi;10000;34;2;0.7595133000286296
multi;10000;34;3;0.7532299000304192
multi;10000;34;3;0.8910756999393925
multi;10000;34;6;0.7383639001054689
multi;10000;34;6;0.8777681000065058
multi;10000;35;3;0.7525986999971792
multi;10000;35;5;0.782068399945274
multi;10000;35;2;0.7927723999600857
multi;10000;35;5;0.7411060000304133
multi;10000;35;3;0.7582229999825358
multi;10000;35;6;0.7340024999575689
multi;10000;35;2;0.746820000000298
multi;10000;35;2;0.777557999943383
multi;10000;35;4;0.7754902999149635
multi;10000;35;3;0.7238863999955356
multi;10000;36;3;0.7554333000443876
multi;10000;36;6;0.7470794999971986
multi;10000;36;6;0.8025375999277458
multi;10000;36;3;0.7281404000241309
multi;10000;36;1;0.8120070000877604
multi;10000;36;3;0.8011892000213265
multi;10000;36;6;0.7946481000399217
multi;10000;36;1;0.7651650999905542
multi;10000;36;4;0.7488526001106948
multi;10000;36;0;0.8087467000586912
multi;10000;37;3;0.7798278999980539
multi;10000;37;3;0.7889758000383154
multi;10000;37;3;0.7409248999319971
multi;10000;37;0;0.7675510999979451
multi;10000;37;6;0.7544207000173628
multi;10000;37;2;0.7266241000033915
multi;10000;37;3;0.7145371000515297
multi;10000;37;4;0.7429380000103265
multi;10000;37;3;0.7662749999435619
multi;10000;37;6;0.7483763999771327
multi;10000;38;2;0.7371352999471128
multi;10000;38;3;0.7444080000277609
multi;10000;38;1;0.7618731999536976
multi;10000;38;3;0.7595973999705166
multi;10000;38;2;0.7904582999181002
multi;10000;38;0;0.7604687999701127
multi;10000;38;1;0.7478790000313893
multi;10000;38;4;0.740095500019379
multi;10000;38;2;0.7412868000101298
multi;10000;38;3;0.7371454999083653
multi;10000;39;3;0.7334297000197694
multi;10000;39;1;0.7722686999477446
multi;10000;39;5;0.7487291001016274
multi;10000;39;5;0.7197800000431016
multi;10000;39;2;0.7257174999685958
multi;10000;39;3;0.7569298000307754
multi;10000;39;6;0.7913699001073837
multi;10000;39;1;0.750564599991776
multi;10000;39;2;0.7624185000313446
multi;10000;39;3;0.7699518000008538
multi;10000;40;5;0.7493752998998389
multi;10000;40;3;0.7248743999516591
multi;10000;40;6;0.7308488000417128
multi;10000;40;3;0.7290730000240728
multi;10000;40;2;0.81564840010833
multi;10000;40;2;0.7396322999848053
multi;10000;40;3;0.7365516999270767
multi;10000;40;6;0.7418252000352368
multi;10000;40;6;0.7492395000299439
multi;10000;40;2;0.7568569999421015
multi;10000;41;3;0.7456070999614894
multi;10000;41;6;0.7720048000337556
multi;10000;41;3;0.7435335000045598
multi;10000;41;1;0.7178438999690115
multi;10000;41;2;0.7322937999852002
multi;10000;41;2;0.7457770999753848
multi;10000;41;5;0.7677457000827417
multi;10000;41;4;0.7194872000254691
multi;10000;41;6;0.7707174000097439
